MSISDN,IMSI,ICCID,Pin1,Puk1
,,INVALID_ICCID,,
0901000001,417010001000001,8910300000010000015,1234,5678
0901000002,417010001000002,8910300000010000023,1234,5678
0901000003,417010001000003,8910300000010000031,1234,5678
0901000004,417010001000004,8910300000010000049,1234,5678
0901000005,417010001000005,8910300000010000056,1234,5678
0901000006,417010001000006,8910300000010000064,1234,5678
0901000007,417010001000007,8910300000010000072,1234,5678
0901000008,417010001000008,8910300000010000080,1234,5678
0901000009,417010001000009,8910300000010000098,1234,5678
0901000010,417010001000010,8910300000010000106,1234,5678
0901000011,417010001000011,8910300000010000114,1234,5678
0901000012,417010001000012,8910300000010000122,1234,5678
0901000013,417010001000013,8910300000010000130,1234,5678
0901000014,417010001000014,8910300000010000148,1234,5678
0901000015,417010001000015,8910300000010000155,1234,5678
0901000016,417010001000016,8910300000010000163,1234,5678
0901000017,417010001000017,8910300000010000171,1234,5678
0901000018,417010001000018,8910300000010000189,1234,5678
0901000019,417010001000019,8910300000010000197,1234,5678
0901000020,417010001000020,8910300000010000205,1234,5678
0901000021,417010001000021,8910300000010000213,1234,5678
0901000022,417010001000022,8910300000010000221,1234,5678
0901000023,417010001000023,8910300000010000239,1234,5678
0901000024,417010001000024,8910300000010000247,1234,5678
0901000025,417010001000025,8910300000010000254,1234,5678
0901000026,417010001000026,8910300000010000262,1234,5678
0901000027,417010001000027,8910300000010000270,1234,5678
0901000028,417010001000028,8910300000010000288,1234,5678
0901000029,417010001000029,8910300000010000296,1234,5678
0901000030,417010001000030,8910300000010000304,1234,5678
0901000031,417010001000031,8910300000010000312,1234,5678
0901000032,417010001000032,8910300000010000320,1234,5678
0901000033,417010001000033,8910300000010000338,1234,5678
0901000034,417010001000034,8910300000010000346,1234,5678
0901000035,417010001000035,8910300000010000353,1234,5678
0901000036,417010001000036,8910300000010000361,1234,5678
0901000037,417010001000037,8910300000010000379,1234,5678
0901000038,417010001000038,8910300000010000387,1234,5678
0901000039,417010001000039,8910300000010000395,1234,5678
0901000040,417010001000040,8910300000010000403,1234,5678
0901000041,417010001000041,8910300000010000411,1234,5678
0901000042,417010001000042,8910300000010000429,1234,5678
0901000043,417010001000043,8910300000010000437,1234,5678
0901000044,417010001000044,8910300000010000445,1234,5678
0901000045,417010001000045,8910300000010000452,1234,5678
0901000046,417010001000046,8910300000010000460,1234,5678
0901000047,417010001000047,8910300000010000478,1234,5678
0901000048,417010001000048,8910300000010000486,1234,5678
0901000049,417010001000049,8910300000010000494,1234,5678
0901000050,417010001000050,8910300000010000502,1234,5678
0901000051,417010001000051,8910300000010000510,1234,5678
0901000052,417010001000052,8910300000010000528,1234,5678
0901000053,417010001000053,8910300000010000536,1234,5678
0901000054,417010001000054,8910300000010000544,1234,5678
0901000055,417010001000055,8910300000010000551,1234,5678
0901000056,417010001000056,8910300000010000569,1234,5678
0901000057,417010001000057,8910300000010000577,1234,5678
0901000058,417010001000058,8910300000010000585,1234,5678
0901000059,417010001000059,8910300000010000593,1234,5678
0901000060,417010001000060,8910300000010000601,1234,5678
0901000061,417010001000061,8910300000010000619,1234,5678
0901000062,417010001000062,8910300000010000627,1234,5678
0901000063,417010001000063,8910300000010000635,1234,5678
0901000064,417010001000064,8910300000010000643,1234,5678
0901000065,417010001000065,8910300000010000650,1234,5678
0901000066,417010001000066,8910300000010000668,1234,5678
0901000067,417010001000067,8910300000010000676,1234,5678
0901000068,417010001000068,8910300000010000684,1234,5678
0901000069,417010001000069,8910300000010000692,1234,5678
0901000070,417010001000070,8910300000010000700,1234,5678
0901000071,417010001000071,8910300000010000718,1234,5678
0901000072,417010001000072,8910300000010000726,1234,5678
0901000073,417010001000073,8910300000010000734,1234,5678
0901000074,417010001000074,8910300000010000742,1234,5678
0901000075,417010001000075,8910300000010000759,1234,5678
0901000076,417010001000076,8910300000010000767,1234,5678
0901000077,417010001000077,8910300000010000775,1234,5678
0901000078,417010001000078,8910300000010000783,1234,5678
0901000079,417010001000079,8910300000010000791,1234,5678
0901000080,417010001000080,8910300000010000809,1234,5678
0901000081,417010001000081,8910300000010000817,1234,5678
0901000082,417010001000082,8910300000010000825,1234,5678
0901000083,417010001000083,8910300000010000833,1234,5678
0901000084,417010001000084,8910300000010000841,1234,5678
0901000085,417010001000085,8910300000010000858,1234,5678
0901000086,417010001000086,8910300000010000866,1234,5678
0901000087,417010001000087,8910300000010000874,1234,5678
0901000088,417010001000088,8910300000010000882,1234,5678
0901000089,417010001000089,8910300000010000890,1234,5678
0901000090,417010001000090,8910300000010000908,1234,5678
0901000091,417010001000091,8910300000010000916,1234,5678
0901000092,417010001000092,8910300000010000924,1234,5678
0901000093,417010001000093,8910300000010000932,1234,5678
0901000094,417010001000094,8910300000010000940,1234,5678
0901000095,417010001000095,8910300000010000957,1234,5678
0901000096,417010001000096,8910300000010000965,1234,5678
0901000097,417010001000097,8910300000010000973,1234,5678
0901000098,417010001000098,8910300000010000981,1234,5678
0901000099,417010001000099,8910300000010000999,1234,5678
,,INVALID_ICCID,,
0901000101,417010001000101,8910300000010001013,1234,5678
0901000102,417010001000102,8910300000010001021,1234,5678
0901000103,417010001000103,8910300000010001039,1234,5678
0901000104,417010001000104,8910300000010001047,1234,5678
0901000105,417010001000105,8910300000010001054,1234,5678
0901000106,417010001000106,8910300000010001062,1234,5678
0901000107,417010001000107,8910300000010001070,1234,5678
0901000108,417010001000108,8910300000010001088,1234,5678
0901000109,417010001000109,8910300000010001096,1234,5678
0901000110,417010001000110,8910300000010001104,1234,5678
0901000111,417010001000111,8910300000010001112,1234,5678
0901000112,417010001000112,8910300000010001120,1234,5678
0901000113,417010001000113,8910300000010001138,1234,5678
0901000114,417010001000114,8910300000010001146,1234,5678
0901000115,417010001000115,8910300000010001153,1234,5678
0901000116,417010001000116,8910300000010001161,1234,5678
0901000117,417010001000117,8910300000010001179,1234,5678
0901000118,417010001000118,8910300000010001187,1234,5678
0901000119,417010001000119,8910300000010001195,1234,5678
0901000120,417010001000120,8910300000010001203,1234,5678
0901000121,417010001000121,8910300000010001211,1234,5678
0901000122,417010001000122,8910300000010001229,1234,5678
0901000123,417010001000123,8910300000010001237,1234,5678
0901000124,417010001000124,8910300000010001245,1234,5678
0901000125,417010001000125,8910300000010001252,1234,5678
0901000126,417010001000126,8910300000010001260,1234,5678
0901000127,417010001000127,8910300000010001278,1234,5678
0901000128,417010001000128,8910300000010001286,1234,5678
0901000129,417010001000129,8910300000010001294,1234,5678
0901000130,417010001000130,8910300000010001302,1234,5678
0901000131,417010001000131,8910300000010001310,1234,5678
0901000132,417010001000132,8910300000010001328,1234,5678
0901000133,417010001000133,8910300000010001336,1234,5678
0901000134,417010001000134,8910300000010001344,1234,5678
0901000135,417010001000135,8910300000010001351,1234,5678
0901000136,417010001000136,8910300000010001369,1234,5678
0901000137,417010001000137,8910300000010001377,1234,5678
0901000138,417010001000138,8910300000010001385,1234,5678
0901000139,417010001000139,8910300000010001393,1234,5678
0901000140,417010001000140,8910300000010001401,1234,5678
0901000141,417010001000141,8910300000010001419,1234,5678
0901000142,417010001000142,8910300000010001427,1234,5678
0901000143,417010001000143,8910300000010001435,1234,5678
0901000144,417010001000144,8910300000010001443,1234,5678
0901000145,417010001000145,8910300000010001450,1234,5678
0901000146,417010001000146,8910300000010001468,1234,5678
0901000147,417010001000147,8910300000010001476,1234,5678
0901000148,417010001000148,8910300000010001484,1234,5678
0901000149,417010001000149,8910300000010001492,1234,5678
0901000150,417010001000150,8910300000010001500,1234,5678
0901000151,417010001000151,8910300000010001518,1234,5678
0901000152,417010001000152,8910300000010001526,1234,5678
0901000153,417010001000153,8910300000010001534,1234,5678
0901000154,417010001000154,8910300000010001542,1234,5678
0901000155,417010001000155,8910300000010001559,1234,5678
0901000156,417010001000156,8910300000010001567,1234,5678
0901000157,417010001000157,8910300000010001575,1234,5678
0901000158,417010001000158,8910300000010001583,1234,5678
0901000159,417010001000159,8910300000010001591,1234,5678
0901000160,417010001000160,8910300000010001609,1234,5678
0901000161,417010001000161,8910300000010001617,1234,5678
0901000162,417010001000162,8910300000010001625,1234,5678
0901000163,417010001000163,8910300000010001633,1234,5678
0901000164,417010001000164,8910300000010001641,1234,5678
0901000165,417010001000165,8910300000010001658,1234,5678
0901000166,417010001000166,8910300000010001666,1234,5678
0901000167,417010001000167,8910300000010001674,1234,5678
0901000168,417010001000168,8910300000010001682,1234,5678
0901000169,417010001000169,8910300000010001690,1234,5678
0901000170,417010001000170,8910300000010001708,1234,5678
0901000171,417010001000171,8910300000010001716,1234,5678
0901000172,417010001000172,8910300000010001724,1234,5678
0901000173,417010001000173,8910300000010001732,1234,5678
0901000174,417010001000174,8910300000010001740,1234,5678
0901000175,417010001000175,8910300000010001757,1234,5678
0901000176,417010001000176,8910300000010001765,1234,5678
0901000177,417010001000177,8910300000010001773,1234,5678
0901000178,417010001000178,8910300000010001781,1234,5678
0901000179,417010001000179,8910300000010001799,1234,5678
0901000180,417010001000180,8910300000010001807,1234,5678
0901000181,417010001000181,8910300000010001815,1234,5678
0901000182,417010001000182,8910300000010001823,1234,5678
0901000183,417010001000183,8910300000010001831,1234,5678
0901000184,417010001000184,8910300000010001849,1234,5678
0901000185,417010001000185,8910300000010001856,1234,5678
0901000186,417010001000186,8910300000010001864,1234,5678
0901000187,417010001000187,8910300000010001872,1234,5678
0901000188,417010001000188,8910300000010001880,1234,5678
0901000189,417010001000189,8910300000010001898,1234,5678
0901000190,417010001000190,8910300000010001906,1234,5678
0901000191,417010001000191,8910300000010001914,1234,5678
0901000192,417010001000192,8910300000010001922,1234,5678
0901000193,417010001000193,8910300000010001930,1234,5678
0901000194,417010001000194,8910300000010001948,1234,5678
0901000195,417010001000195,8910300000010001955,1234,5678
0901000196,417010001000196,8910300000010001963,1234,5678
0901000197,417010001000197,8910300000010001971,1234,5678
0901000198,417010001000198,8910300000010001989,1234,5678
0901000199,417010001000199,8910300000010001997,1234,5678
,,INVALID_ICCID,,
0901000201,417010001000201,8910300000010002011,1234,5678
0901000202,417010001000202,8910300000010002029,1234,5678
0901000203,417010001000203,8910300000010002037,1234,5678
0901000204,417010001000204,8910300000010002045,1234,5678
0901000205,417010001000205,8910300000010002052,1234,5678
0901000206,417010001000206,8910300000010002060,1234,5678
0901000207,417010001000207,8910300000010002078,1234,5678
0901000208,417010001000208,8910300000010002086,1234,5678
0901000209,417010001000209,8910300000010002094,1234,5678
0901000210,417010001000210,8910300000010002102,1234,5678
0901000211,417010001000211,8910300000010002110,1234,5678
0901000212,417010001000212,8910300000010002128,1234,5678
0901000213,417010001000213,8910300000010002136,1234,5678
0901000214,417010001000214,8910300000010002144,1234,5678
0901000215,417010001000215,8910300000010002151,1234,5678
0901000216,417010001000216,8910300000010002169,1234,5678
0901000217,417010001000217,8910300000010002177,1234,5678
0901000218,417010001000218,8910300000010002185,1234,5678
0901000219,417010001000219,8910300000010002193,1234,5678
0901000220,417010001000220,8910300000010002201,1234,5678
0901000221,417010001000221,8910300000010002219,1234,5678
0901000222,417010001000222,8910300000010002227,1234,5678
0901000223,417010001000223,8910300000010002235,1234,5678
0901000224,417010001000224,8910300000010002243,1234,5678
0901000225,417010001000225,8910300000010002250,1234,5678
0901000226,417010001000226,8910300000010002268,1234,5678
0901000227,417010001000227,8910300000010002276,1234,5678
0901000228,417010001000228,8910300000010002284,1234,5678
0901000229,417010001000229,8910300000010002292,1234,5678
0901000230,417010001000230,8910300000010002300,1234,5678
0901000231,417010001000231,8910300000010002318,1234,5678
0901000232,417010001000232,8910300000010002326,1234,5678
0901000233,417010001000233,8910300000010002334,1234,5678
0901000234,417010001000234,8910300000010002342,1234,5678
0901000235,417010001000235,8910300000010002359,1234,5678
0901000236,417010001000236,8910300000010002367,1234,5678
0901000237,417010001000237,8910300000010002375,1234,5678
0901000238,417010001000238,8910300000010002383,1234,5678
0901000239,417010001000239,8910300000010002391,1234,5678
0901000240,417010001000240,8910300000010002409,1234,5678
0901000241,417010001000241,8910300000010002417,1234,5678
0901000242,417010001000242,8910300000010002425,1234,5678
0901000243,417010001000243,8910300000010002433,1234,5678
0901000244,417010001000244,8910300000010002441,1234,5678
0901000245,417010001000245,8910300000010002458,1234,5678
0901000246,417010001000246,8910300000010002466,1234,5678
0901000247,417010001000247,8910300000010002474,1234,5678
0901000248,417010001000248,8910300000010002482,1234,5678
0901000249,417010001000249,8910300000010002490,1234,5678
0901000250,417010001000250,8910300000010002508,1234,5678
0901000251,417010001000251,8910300000010002516,1234,5678
0901000252,417010001000252,8910300000010002524,1234,5678
0901000253,417010001000253,8910300000010002532,1234,5678
0901000254,417010001000254,8910300000010002540,1234,5678
0901000255,417010001000255,8910300000010002557,1234,5678
0901000256,417010001000256,8910300000010002565,1234,5678
0901000257,417010001000257,8910300000010002573,1234,5678
0901000258,417010001000258,8910300000010002581,1234,5678
0901000259,417010001000259,8910300000010002599,1234,5678
0901000260,417010001000260,8910300000010002607,1234,5678
0901000261,417010001000261,8910300000010002615,1234,5678
0901000262,417010001000262,8910300000010002623,1234,5678
0901000263,417010001000263,8910300000010002631,1234,5678
0901000264,417010001000264,8910300000010002649,1234,5678
0901000265,417010001000265,8910300000010002656,1234,5678
0901000266,417010001000266,8910300000010002664,1234,5678
0901000267,417010001000267,8910300000010002672,1234,5678
0901000268,417010001000268,8910300000010002680,1234,5678
0901000269,417010001000269,8910300000010002698,1234,5678
0901000270,417010001000270,8910300000010002706,1234,5678
0901000271,417010001000271,8910300000010002714,1234,5678
0901000272,417010001000272,8910300000010002722,1234,5678
0901000273,417010001000273,8910300000010002730,1234,5678
0901000274,417010001000274,8910300000010002748,1234,5678
0901000275,417010001000275,8910300000010002755,1234,5678
0901000276,417010001000276,8910300000010002763,1234,5678
0901000277,417010001000277,8910300000010002771,1234,5678
0901000278,417010001000278,8910300000010002789,1234,5678
0901000279,417010001000279,8910300000010002797,1234,5678
0901000280,417010001000280,8910300000010002805,1234,5678
0901000281,417010001000281,8910300000010002813,1234,5678
0901000282,417010001000282,8910300000010002821,1234,5678
0901000283,417010001000283,8910300000010002839,1234,5678
0901000284,417010001000284,8910300000010002847,1234,5678
0901000285,417010001000285,8910300000010002854,1234,5678
0901000286,417010001000286,8910300000010002862,1234,5678
0901000287,417010001000287,8910300000010002870,1234,5678
0901000288,417010001000288,8910300000010002888,1234,5678
0901000289,417010001000289,8910300000010002896,1234,5678
0901000290,417010001000290,8910300000010002904,1234,5678
0901000291,417010001000291,8910300000010002912,1234,5678
0901000292,417010001000292,8910300000010002920,1234,5678
0901000293,417010001000293,8910300000010002938,1234,5678
0901000294,417010001000294,8910300000010002946,1234,5678
0901000295,417010001000295,8910300000010002953,1234,5678
0901000296,417010001000296,8910300000010002961,1234,5678
0901000297,417010001000297,8910300000010002979,1234,5678
0901000298,417010001000298,8910300000010002987,1234,5678
0901000299,417010001000299,8910300000010002995,1234,5678
,,INVALID_ICCID,,
0901000301,417010001000301,8910300000010003019,1234,5678
0901000302,417010001000302,8910300000010003027,1234,5678
0901000303,417010001000303,8910300000010003035,1234,5678
0901000304,417010001000304,8910300000010003043,1234,5678
0901000305,417010001000305,8910300000010003050,1234,5678
0901000306,417010001000306,8910300000010003068,1234,5678
0901000307,417010001000307,8910300000010003076,1234,5678
0901000308,417010001000308,8910300000010003084,1234,5678
0901000309,417010001000309,8910300000010003092,1234,5678
0901000310,417010001000310,8910300000010003100,1234,5678
0901000311,417010001000311,8910300000010003118,1234,5678
0901000312,417010001000312,8910300000010003126,1234,5678
0901000313,417010001000313,8910300000010003134,1234,5678
0901000314,417010001000314,8910300000010003142,1234,5678
0901000315,417010001000315,8910300000010003159,1234,5678
0901000316,417010001000316,8910300000010003167,1234,5678
0901000317,417010001000317,8910300000010003175,1234,5678
0901000318,417010001000318,8910300000010003183,1234,5678
0901000319,417010001000319,8910300000010003191,1234,5678
0901000320,417010001000320,8910300000010003209,1234,5678
0901000321,417010001000321,8910300000010003217,1234,5678
0901000322,417010001000322,8910300000010003225,1234,5678
0901000323,417010001000323,8910300000010003233,1234,5678
0901000324,417010001000324,8910300000010003241,1234,5678
0901000325,417010001000325,8910300000010003258,1234,5678
0901000326,417010001000326,8910300000010003266,1234,5678
0901000327,417010001000327,8910300000010003274,1234,5678
0901000328,417010001000328,8910300000010003282,1234,5678
0901000329,417010001000329,8910300000010003290,1234,5678
0901000330,417010001000330,8910300000010003308,1234,5678
0901000331,417010001000331,8910300000010003316,1234,5678
0901000332,417010001000332,8910300000010003324,1234,5678
0901000333,417010001000333,8910300000010003332,1234,5678
0901000334,417010001000334,8910300000010003340,1234,5678
0901000335,417010001000335,8910300000010003357,1234,5678
0901000336,417010001000336,8910300000010003365,1234,5678
0901000337,417010001000337,8910300000010003373,1234,5678
0901000338,417010001000338,8910300000010003381,1234,5678
0901000339,417010001000339,8910300000010003399,1234,5678
0901000340,417010001000340,8910300000010003407,1234,5678
0901000341,417010001000341,8910300000010003415,1234,5678
0901000342,417010001000342,8910300000010003423,1234,5678
0901000343,417010001000343,8910300000010003431,1234,5678
0901000344,417010001000344,8910300000010003449,1234,5678
0901000345,417010001000345,8910300000010003456,1234,5678
0901000346,417010001000346,8910300000010003464,1234,5678
0901000347,417010001000347,8910300000010003472,1234,5678
0901000348,417010001000348,8910300000010003480,1234,5678
0901000349,417010001000349,8910300000010003498,1234,5678
0901000350,417010001000350,8910300000010003506,1234,5678
0901000351,417010001000351,8910300000010003514,1234,5678
0901000352,417010001000352,8910300000010003522,1234,5678
0901000353,417010001000353,8910300000010003530,1234,5678
0901000354,417010001000354,8910300000010003548,1234,5678
0901000355,417010001000355,8910300000010003555,1234,5678
0901000356,417010001000356,8910300000010003563,1234,5678
0901000357,417010001000357,8910300000010003571,1234,5678
0901000358,417010001000358,8910300000010003589,1234,5678
0901000359,417010001000359,8910300000010003597,1234,5678
0901000360,417010001000360,8910300000010003605,1234,5678
0901000361,417010001000361,8910300000010003613,1234,5678
0901000362,417010001000362,8910300000010003621,1234,5678
0901000363,417010001000363,8910300000010003639,1234,5678
0901000364,417010001000364,8910300000010003647,1234,5678
0901000365,417010001000365,8910300000010003654,1234,5678
0901000366,417010001000366,8910300000010003662,1234,5678
0901000367,417010001000367,8910300000010003670,1234,5678
0901000368,417010001000368,8910300000010003688,1234,5678
0901000369,417010001000369,8910300000010003696,1234,5678
0901000370,417010001000370,8910300000010003704,1234,5678
0901000371,417010001000371,8910300000010003712,1234,5678
0901000372,417010001000372,8910300000010003720,1234,5678
0901000373,417010001000373,8910300000010003738,1234,5678
0901000374,417010001000374,8910300000010003746,1234,5678
0901000375,417010001000375,8910300000010003753,1234,5678
0901000376,417010001000376,8910300000010003761,1234,5678
0901000377,417010001000377,8910300000010003779,1234,5678
0901000378,417010001000378,8910300000010003787,1234,5678
0901000379,417010001000379,8910300000010003795,1234,5678
0901000380,417010001000380,8910300000010003803,1234,5678
0901000381,417010001000381,8910300000010003811,1234,5678
0901000382,417010001000382,8910300000010003829,1234,5678
0901000383,417010001000383,8910300000010003837,1234,5678
0901000384,417010001000384,8910300000010003845,1234,5678
0901000385,417010001000385,8910300000010003852,1234,5678
0901000386,417010001000386,8910300000010003860,1234,5678
0901000387,417010001000387,8910300000010003878,1234,5678
0901000388,417010001000388,8910300000010003886,1234,5678
0901000389,417010001000389,8910300000010003894,1234,5678
0901000390,417010001000390,8910300000010003902,1234,5678
0901000391,417010001000391,8910300000010003910,1234,5678
0901000392,417010001000392,8910300000010003928,1234,5678
0901000393,417010001000393,8910300000010003936,1234,5678
0901000394,417010001000394,8910300000010003944,1234,5678
0901000395,417010001000395,8910300000010003951,1234,5678
0901000396,417010001000396,8910300000010003969,1234,5678
0901000397,417010001000397,8910300000010003977,1234,5678
0901000398,417010001000398,8910300000010003985,1234,5678
0901000399,417010001000399,8910300000010003993,1234,5678
,,INVALID_ICCID,,
0901000401,417010001000401,8910300000010004017,1234,5678
0901000402,417010001000402,8910300000010004025,1234,5678
0901000403,417010001000403,8910300000010004033,1234,5678
0901000404,417010001000404,8910300000010004041,1234,5678
0901000405,417010001000405,8910300000010004058,1234,5678
0901000406,417010001000406,8910300000010004066,1234,5678
0901000407,417010001000407,8910300000010004074,1234,5678
0901000408,417010001000408,8910300000010004082,1234,5678
0901000409,417010001000409,8910300000010004090,1234,5678
0901000410,417010001000410,8910300000010004108,1234,5678
0901000411,417010001000411,8910300000010004116,1234,5678
0901000412,417010001000412,8910300000010004124,1234,5678
0901000413,417010001000413,8910300000010004132,1234,5678
0901000414,417010001000414,8910300000010004140,1234,5678
0901000415,417010001000415,8910300000010004157,1234,5678
0901000416,417010001000416,8910300000010004165,1234,5678
0901000417,417010001000417,8910300000010004173,1234,5678
0901000418,417010001000418,8910300000010004181,1234,5678
0901000419,417010001000419,8910300000010004199,1234,5678
0901000420,417010001000420,8910300000010004207,1234,5678
0901000421,417010001000421,8910300000010004215,1234,5678
0901000422,417010001000422,8910300000010004223,1234,5678
0901000423,417010001000423,8910300000010004231,1234,5678
0901000424,417010001000424,8910300000010004249,1234,5678
0901000425,417010001000425,8910300000010004256,1234,5678
0901000426,417010001000426,8910300000010004264,1234,5678
0901000427,417010001000427,8910300000010004272,1234,5678
0901000428,417010001000428,8910300000010004280,1234,5678
0901000429,417010001000429,8910300000010004298,1234,5678
0901000430,417010001000430,8910300000010004306,1234,5678
0901000431,417010001000431,8910300000010004314,1234,5678
0901000432,417010001000432,8910300000010004322,1234,5678
0901000433,417010001000433,8910300000010004330,1234,5678
0901000434,417010001000434,8910300000010004348,1234,5678
0901000435,417010001000435,8910300000010004355,1234,5678
0901000436,417010001000436,8910300000010004363,1234,5678
0901000437,417010001000437,8910300000010004371,1234,5678
0901000438,417010001000438,8910300000010004389,1234,5678
0901000439,417010001000439,8910300000010004397,1234,5678
0901000440,417010001000440,8910300000010004405,1234,5678
0901000441,417010001000441,8910300000010004413,1234,5678
0901000442,417010001000442,8910300000010004421,1234,5678
0901000443,417010001000443,8910300000010004439,1234,5678
0901000444,417010001000444,8910300000010004447,1234,5678
0901000445,417010001000445,8910300000010004454,1234,5678
0901000446,417010001000446,8910300000010004462,1234,5678
0901000447,417010001000447,8910300000010004470,1234,5678
0901000448,417010001000448,8910300000010004488,1234,5678
0901000449,417010001000449,8910300000010004496,1234,5678
0901000450,417010001000450,8910300000010004504,1234,5678
0901000451,417010001000451,8910300000010004512,1234,5678
0901000452,417010001000452,8910300000010004520,1234,5678
0901000453,417010001000453,8910300000010004538,1234,5678
0901000454,417010001000454,8910300000010004546,1234,5678
0901000455,417010001000455,8910300000010004553,1234,5678
0901000456,417010001000456,8910300000010004561,1234,5678
0901000457,417010001000457,8910300000010004579,1234,5678
0901000458,417010001000458,8910300000010004587,1234,5678
0901000459,417010001000459,8910300000010004595,1234,5678
0901000460,417010001000460,8910300000010004603,1234,5678
0901000461,417010001000461,8910300000010004611,1234,5678
0901000462,417010001000462,8910300000010004629,1234,5678
0901000463,417010001000463,8910300000010004637,1234,5678
0901000464,417010001000464,8910300000010004645,1234,5678
0901000465,417010001000465,8910300000010004652,1234,5678
0901000466,417010001000466,8910300000010004660,1234,5678
0901000467,417010001000467,8910300000010004678,1234,5678
0901000468,417010001000468,8910300000010004686,1234,5678
0901000469,417010001000469,8910300000010004694,1234,5678
0901000470,417010001000470,8910300000010004702,1234,5678
0901000471,417010001000471,8910300000010004710,1234,5678
0901000472,417010001000472,8910300000010004728,1234,5678
0901000473,417010001000473,8910300000010004736,1234,5678
0901000474,417010001000474,8910300000010004744,1234,5678
0901000475,417010001000475,8910300000010004751,1234,5678
0901000476,417010001000476,8910300000010004769,1234,5678
0901000477,417010001000477,8910300000010004777,1234,5678
0901000478,417010001000478,8910300000010004785,1234,5678
0901000479,417010001000479,8910300000010004793,1234,5678
0901000480,417010001000480,8910300000010004801,1234,5678
0901000481,417010001000481,8910300000010004819,1234,5678
0901000482,417010001000482,8910300000010004827,1234,5678
0901000483,417010001000483,8910300000010004835,1234,5678
0901000484,417010001000484,8910300000010004843,1234,5678
0901000485,417010001000485,8910300000010004850,1234,5678
0901000486,417010001000486,8910300000010004868,1234,5678
0901000487,417010001000487,8910300000010004876,1234,5678
0901000488,417010001000488,8910300000010004884,1234,5678
0901000489,417010001000489,8910300000010004892,1234,5678
0901000490,417010001000490,8910300000010004900,1234,5678
0901000491,417010001000491,8910300000010004918,1234,5678
0901000492,417010001000492,8910300000010004926,1234,5678
0901000493,417010001000493,8910300000010004934,1234,5678
0901000494,417010001000494,8910300000010004942,1234,5678
0901000495,417010001000495,8910300000010004959,1234,5678
0901000496,417010001000496,8910300000010004967,1234,5678
0901000497,417010001000497,8910300000010004975,1234,5678
0901000498,417010001000498,8910300000010004983,1234,5678
0901000499,417010001000499,8910300000010004991,1234,5678
,,INVALID_ICCID,,
0901000501,417010001000501,8910300000010005014,1234,5678
0901000502,417010001000502,8910300000010005022,1234,5678
0901000503,417010001000503,8910300000010005030,1234,5678
0901000504,417010001000504,8910300000010005048,1234,5678
0901000505,417010001000505,8910300000010005055,1234,5678
0901000506,417010001000506,8910300000010005063,1234,5678
0901000507,417010001000507,8910300000010005071,1234,5678
0901000508,417010001000508,8910300000010005089,1234,5678
0901000509,417010001000509,8910300000010005097,1234,5678
0901000510,417010001000510,8910300000010005105,1234,5678
0901000511,417010001000511,8910300000010005113,1234,5678
0901000512,417010001000512,8910300000010005121,1234,5678
0901000513,417010001000513,8910300000010005139,1234,5678
0901000514,417010001000514,8910300000010005147,1234,5678
0901000515,417010001000515,8910300000010005154,1234,5678
0901000516,417010001000516,8910300000010005162,1234,5678
0901000517,417010001000517,8910300000010005170,1234,5678
0901000518,417010001000518,8910300000010005188,1234,5678
0901000519,417010001000519,8910300000010005196,1234,5678
0901000520,417010001000520,8910300000010005204,1234,5678
0901000521,417010001000521,8910300000010005212,1234,5678
0901000522,417010001000522,8910300000010005220,1234,5678
0901000523,417010001000523,8910300000010005238,1234,5678
0901000524,417010001000524,8910300000010005246,1234,5678
0901000525,417010001000525,8910300000010005253,1234,5678
0901000526,417010001000526,8910300000010005261,1234,5678
0901000527,417010001000527,8910300000010005279,1234,5678
0901000528,417010001000528,8910300000010005287,1234,5678
0901000529,417010001000529,8910300000010005295,1234,5678
0901000530,417010001000530,8910300000010005303,1234,5678
0901000531,417010001000531,8910300000010005311,1234,5678
0901000532,417010001000532,8910300000010005329,1234,5678
0901000533,417010001000533,8910300000010005337,1234,5678
0901000534,417010001000534,8910300000010005345,1234,5678
0901000535,417010001000535,8910300000010005352,1234,5678
0901000536,417010001000536,8910300000010005360,1234,5678
0901000537,417010001000537,8910300000010005378,1234,5678
0901000538,417010001000538,8910300000010005386,1234,5678
0901000539,417010001000539,8910300000010005394,1234,5678
0901000540,417010001000540,8910300000010005402,1234,5678
0901000541,417010001000541,8910300000010005410,1234,5678
0901000542,417010001000542,8910300000010005428,1234,5678
0901000543,417010001000543,8910300000010005436,1234,5678
0901000544,417010001000544,8910300000010005444,1234,5678
0901000545,417010001000545,8910300000010005451,1234,5678
0901000546,417010001000546,8910300000010005469,1234,5678
0901000547,417010001000547,8910300000010005477,1234,5678
0901000548,417010001000548,8910300000010005485,1234,5678
0901000549,417010001000549,8910300000010005493,1234,5678
0901000550,417010001000550,8910300000010005501,1234,5678
0901000551,417010001000551,8910300000010005519,1234,5678
0901000552,417010001000552,8910300000010005527,1234,5678
0901000553,417010001000553,8910300000010005535,1234,5678
0901000554,417010001000554,8910300000010005543,1234,5678
0901000555,417010001000555,8910300000010005550,1234,5678
0901000556,417010001000556,8910300000010005568,1234,5678
0901000557,417010001000557,8910300000010005576,1234,5678
0901000558,417010001000558,8910300000010005584,1234,5678
0901000559,417010001000559,8910300000010005592,1234,5678
0901000560,417010001000560,8910300000010005600,1234,5678
0901000561,417010001000561,8910300000010005618,1234,5678
0901000562,417010001000562,8910300000010005626,1234,5678
0901000563,417010001000563,8910300000010005634,1234,5678
0901000564,417010001000564,8910300000010005642,1234,5678
0901000565,417010001000565,8910300000010005659,1234,5678
0901000566,417010001000566,8910300000010005667,1234,5678
0901000567,417010001000567,8910300000010005675,1234,5678
0901000568,417010001000568,8910300000010005683,1234,5678
0901000569,417010001000569,8910300000010005691,1234,5678
0901000570,417010001000570,8910300000010005709,1234,5678
0901000571,417010001000571,8910300000010005717,1234,5678
0901000572,417010001000572,8910300000010005725,1234,5678
0901000573,417010001000573,8910300000010005733,1234,5678
0901000574,417010001000574,8910300000010005741,1234,5678
0901000575,417010001000575,8910300000010005758,1234,5678
0901000576,417010001000576,8910300000010005766,1234,5678
0901000577,417010001000577,8910300000010005774,1234,5678
0901000578,417010001000578,8910300000010005782,1234,5678
0901000579,417010001000579,8910300000010005790,1234,5678
0901000580,417010001000580,8910300000010005808,1234,5678
0901000581,417010001000581,8910300000010005816,1234,5678
0901000582,417010001000582,8910300000010005824,1234,5678
0901000583,417010001000583,8910300000010005832,1234,5678
0901000584,417010001000584,8910300000010005840,1234,5678
0901000585,417010001000585,8910300000010005857,1234,5678
0901000586,417010001000586,8910300000010005865,1234,5678
0901000587,417010001000587,8910300000010005873,1234,5678
0901000588,417010001000588,8910300000010005881,1234,5678
0901000589,417010001000589,8910300000010005899,1234,5678
0901000590,417010001000590,8910300000010005907,1234,5678
0901000591,417010001000591,8910300000010005915,1234,5678
0901000592,417010001000592,8910300000010005923,1234,5678
0901000593,417010001000593,8910300000010005931,1234,5678
0901000594,417010001000594,8910300000010005949,1234,5678
0901000595,417010001000595,8910300000010005956,1234,5678
0901000596,417010001000596,8910300000010005964,1234,5678
0901000597,417010001000597,8910300000010005972,1234,5678
0901000598,417010001000598,8910300000010005980,1234,5678
0901000599,417010001000599,8910300000010005998,1234,5678
,,INVALID_ICCID,,
0901000601,417010001000601,8910300000010006012,1234,5678
0901000602,417010001000602,8910300000010006020,1234,5678
0901000603,417010001000603,8910300000010006038,1234,5678
0901000604,417010001000604,8910300000010006046,1234,5678
0901000605,417010001000605,8910300000010006053,1234,5678
0901000606,417010001000606,8910300000010006061,1234,5678
0901000607,417010001000607,8910300000010006079,1234,5678
0901000608,417010001000608,8910300000010006087,1234,5678
0901000609,417010001000609,8910300000010006095,1234,5678
0901000610,417010001000610,8910300000010006103,1234,5678
0901000611,417010001000611,8910300000010006111,1234,5678
0901000612,417010001000612,8910300000010006129,1234,5678
0901000613,417010001000613,8910300000010006137,1234,5678
0901000614,417010001000614,8910300000010006145,1234,5678
0901000615,417010001000615,8910300000010006152,1234,5678
0901000616,417010001000616,8910300000010006160,1234,5678
0901000617,417010001000617,8910300000010006178,1234,5678
0901000618,417010001000618,8910300000010006186,1234,5678
0901000619,417010001000619,8910300000010006194,1234,5678
0901000620,417010001000620,8910300000010006202,1234,5678
0901000621,417010001000621,8910300000010006210,1234,5678
0901000622,417010001000622,8910300000010006228,1234,5678
0901000623,417010001000623,8910300000010006236,1234,5678
0901000624,417010001000624,8910300000010006244,1234,5678
0901000625,417010001000625,8910300000010006251,1234,5678
0901000626,417010001000626,8910300000010006269,1234,5678
0901000627,417010001000627,8910300000010006277,1234,5678
0901000628,417010001000628,8910300000010006285,1234,5678
0901000629,417010001000629,8910300000010006293,1234,5678
0901000630,417010001000630,8910300000010006301,1234,5678
0901000631,417010001000631,8910300000010006319,1234,5678
0901000632,417010001000632,8910300000010006327,1234,5678
0901000633,417010001000633,8910300000010006335,1234,5678
0901000634,417010001000634,8910300000010006343,1234,5678
0901000635,417010001000635,8910300000010006350,1234,5678
0901000636,417010001000636,8910300000010006368,1234,5678
0901000637,417010001000637,8910300000010006376,1234,5678
0901000638,417010001000638,8910300000010006384,1234,5678
0901000639,417010001000639,8910300000010006392,1234,5678
0901000640,417010001000640,8910300000010006400,1234,5678
0901000641,417010001000641,8910300000010006418,1234,5678
0901000642,417010001000642,8910300000010006426,1234,5678
0901000643,417010001000643,8910300000010006434,1234,5678
0901000644,417010001000644,8910300000010006442,1234,5678
0901000645,417010001000645,8910300000010006459,1234,5678
0901000646,417010001000646,8910300000010006467,1234,5678
0901000647,417010001000647,8910300000010006475,1234,5678
0901000648,417010001000648,8910300000010006483,1234,5678
0901000649,417010001000649,8910300000010006491,1234,5678
0901000650,417010001000650,8910300000010006509,1234,5678
0901000651,417010001000651,8910300000010006517,1234,5678
0901000652,417010001000652,8910300000010006525,1234,5678
0901000653,417010001000653,8910300000010006533,1234,5678
0901000654,417010001000654,8910300000010006541,1234,5678
0901000655,417010001000655,8910300000010006558,1234,5678
0901000656,417010001000656,8910300000010006566,1234,5678
0901000657,417010001000657,8910300000010006574,1234,5678
0901000658,417010001000658,8910300000010006582,1234,5678
0901000659,417010001000659,8910300000010006590,1234,5678
0901000660,417010001000660,8910300000010006608,1234,5678
0901000661,417010001000661,8910300000010006616,1234,5678
0901000662,417010001000662,8910300000010006624,1234,5678
0901000663,417010001000663,8910300000010006632,1234,5678
0901000664,417010001000664,8910300000010006640,1234,5678
0901000665,417010001000665,8910300000010006657,1234,5678
0901000666,417010001000666,8910300000010006665,1234,5678
0901000667,417010001000667,8910300000010006673,1234,5678
0901000668,417010001000668,8910300000010006681,1234,5678
0901000669,417010001000669,8910300000010006699,1234,5678
0901000670,417010001000670,8910300000010006707,1234,5678
0901000671,417010001000671,8910300000010006715,1234,5678
0901000672,417010001000672,8910300000010006723,1234,5678
0901000673,417010001000673,8910300000010006731,1234,5678
0901000674,417010001000674,8910300000010006749,1234,5678
0901000675,417010001000675,8910300000010006756,1234,5678
0901000676,417010001000676,8910300000010006764,1234,5678
0901000677,417010001000677,8910300000010006772,1234,5678
0901000678,417010001000678,8910300000010006780,1234,5678
0901000679,417010001000679,8910300000010006798,1234,5678
0901000680,417010001000680,8910300000010006806,1234,5678
0901000681,417010001000681,8910300000010006814,1234,5678
0901000682,417010001000682,8910300000010006822,1234,5678
0901000683,417010001000683,8910300000010006830,1234,5678
0901000684,417010001000684,8910300000010006848,1234,5678
0901000685,417010001000685,8910300000010006855,1234,5678
0901000686,417010001000686,8910300000010006863,1234,5678
0901000687,417010001000687,8910300000010006871,1234,5678
0901000688,417010001000688,8910300000010006889,1234,5678
0901000689,417010001000689,8910300000010006897,1234,5678
0901000690,417010001000690,8910300000010006905,1234,5678
0901000691,417010001000691,8910300000010006913,1234,5678
0901000692,417010001000692,8910300000010006921,1234,5678
0901000693,417010001000693,8910300000010006939,1234,5678
0901000694,417010001000694,8910300000010006947,1234,5678
0901000695,417010001000695,8910300000010006954,1234,5678
0901000696,417010001000696,8910300000010006962,1234,5678
0901000697,417010001000697,8910300000010006970,1234,5678
0901000698,417010001000698,8910300000010006988,1234,5678
0901000699,417010001000699,8910300000010006996,1234,5678
,,INVALID_ICCID,,
0901000701,417010001000701,8910300000010007010,1234,5678
0901000702,417010001000702,8910300000010007028,1234,5678
0901000703,417010001000703,8910300000010007036,1234,5678
0901000704,417010001000704,8910300000010007044,1234,5678
0901000705,417010001000705,8910300000010007051,1234,5678
0901000706,417010001000706,8910300000010007069,1234,5678
0901000707,417010001000707,8910300000010007077,1234,5678
0901000708,417010001000708,8910300000010007085,1234,5678
0901000709,417010001000709,8910300000010007093,1234,5678
0901000710,417010001000710,8910300000010007101,1234,5678
0901000711,417010001000711,8910300000010007119,1234,5678
0901000712,417010001000712,8910300000010007127,1234,5678
0901000713,417010001000713,8910300000010007135,1234,5678
0901000714,417010001000714,8910300000010007143,1234,5678
0901000715,417010001000715,8910300000010007150,1234,5678
0901000716,417010001000716,8910300000010007168,1234,5678
0901000717,417010001000717,8910300000010007176,1234,5678
0901000718,417010001000718,8910300000010007184,1234,5678
0901000719,417010001000719,8910300000010007192,1234,5678
0901000720,417010001000720,8910300000010007200,1234,5678
0901000721,417010001000721,8910300000010007218,1234,5678
0901000722,417010001000722,8910300000010007226,1234,5678
0901000723,417010001000723,8910300000010007234,1234,5678
0901000724,417010001000724,8910300000010007242,1234,5678
0901000725,417010001000725,8910300000010007259,1234,5678
0901000726,417010001000726,8910300000010007267,1234,5678
0901000727,417010001000727,8910300000010007275,1234,5678
0901000728,417010001000728,8910300000010007283,1234,5678
0901000729,417010001000729,8910300000010007291,1234,5678
0901000730,417010001000730,8910300000010007309,1234,5678
0901000731,417010001000731,8910300000010007317,1234,5678
0901000732,417010001000732,8910300000010007325,1234,5678
0901000733,417010001000733,8910300000010007333,1234,5678
0901000734,417010001000734,8910300000010007341,1234,5678
0901000735,417010001000735,8910300000010007358,1234,5678
0901000736,417010001000736,8910300000010007366,1234,5678
0901000737,417010001000737,8910300000010007374,1234,5678
0901000738,417010001000738,8910300000010007382,1234,5678
0901000739,417010001000739,8910300000010007390,1234,5678
0901000740,417010001000740,8910300000010007408,1234,5678
0901000741,417010001000741,8910300000010007416,1234,5678
0901000742,417010001000742,8910300000010007424,1234,5678
0901000743,417010001000743,8910300000010007432,1234,5678
0901000744,417010001000744,8910300000010007440,1234,5678
0901000745,417010001000745,8910300000010007457,1234,5678
0901000746,417010001000746,8910300000010007465,1234,5678
0901000747,417010001000747,8910300000010007473,1234,5678
0901000748,417010001000748,8910300000010007481,1234,5678
0901000749,417010001000749,8910300000010007499,1234,5678
0901000750,417010001000750,8910300000010007507,1234,5678
0901000751,417010001000751,8910300000010007515,1234,5678
0901000752,417010001000752,8910300000010007523,1234,5678
0901000753,417010001000753,8910300000010007531,1234,5678
0901000754,417010001000754,8910300000010007549,1234,5678
0901000755,417010001000755,8910300000010007556,1234,5678
0901000756,417010001000756,8910300000010007564,1234,5678
0901000757,417010001000757,8910300000010007572,1234,5678
0901000758,417010001000758,8910300000010007580,1234,5678
0901000759,417010001000759,8910300000010007598,1234,5678
0901000760,417010001000760,8910300000010007606,1234,5678
0901000761,417010001000761,8910300000010007614,1234,5678
0901000762,417010001000762,8910300000010007622,1234,5678
0901000763,417010001000763,8910300000010007630,1234,5678
0901000764,417010001000764,8910300000010007648,1234,5678
0901000765,417010001000765,8910300000010007655,1234,5678
0901000766,417010001000766,8910300000010007663,1234,5678
0901000767,417010001000767,8910300000010007671,1234,5678
0901000768,417010001000768,8910300000010007689,1234,5678
0901000769,417010001000769,8910300000010007697,1234,5678
0901000770,417010001000770,8910300000010007705,1234,5678
0901000771,417010001000771,8910300000010007713,1234,5678
0901000772,417010001000772,8910300000010007721,1234,5678
0901000773,417010001000773,8910300000010007739,1234,5678
0901000774,417010001000774,8910300000010007747,1234,5678
0901000775,417010001000775,8910300000010007754,1234,5678
0901000776,417010001000776,8910300000010007762,1234,5678
0901000777,417010001000777,8910300000010007770,1234,5678
0901000778,417010001000778,8910300000010007788,1234,5678
0901000779,417010001000779,8910300000010007796,1234,5678
0901000780,417010001000780,8910300000010007804,1234,5678
0901000781,417010001000781,8910300000010007812,1234,5678
0901000782,417010001000782,8910300000010007820,1234,5678
0901000783,417010001000783,8910300000010007838,1234,5678
0901000784,417010001000784,8910300000010007846,1234,5678
0901000785,417010001000785,8910300000010007853,1234,5678
0901000786,417010001000786,8910300000010007861,1234,5678
0901000787,417010001000787,8910300000010007879,1234,5678
0901000788,417010001000788,8910300000010007887,1234,5678
0901000789,417010001000789,8910300000010007895,1234,5678
0901000790,417010001000790,8910300000010007903,1234,5678
0901000791,417010001000791,8910300000010007911,1234,5678
0901000792,417010001000792,8910300000010007929,1234,5678
0901000793,417010001000793,8910300000010007937,1234,5678
0901000794,417010001000794,8910300000010007945,1234,5678
0901000795,417010001000795,8910300000010007952,1234,5678
0901000796,417010001000796,8910300000010007960,1234,5678
0901000797,417010001000797,8910300000010007978,1234,5678
0901000798,417010001000798,8910300000010007986,1234,5678
0901000799,417010001000799,8910300000010007994,1234,5678
,,INVALID_ICCID,,
0901000801,417010001000801,8910300000010008018,1234,5678
0901000802,417010001000802,8910300000010008026,1234,5678
0901000803,417010001000803,8910300000010008034,1234,5678
0901000804,417010001000804,8910300000010008042,1234,5678
0901000805,417010001000805,8910300000010008059,1234,5678
0901000806,417010001000806,8910300000010008067,1234,5678
0901000807,417010001000807,8910300000010008075,1234,5678
0901000808,417010001000808,8910300000010008083,1234,5678
0901000809,417010001000809,8910300000010008091,1234,5678
0901000810,417010001000810,8910300000010008109,1234,5678
0901000811,417010001000811,8910300000010008117,1234,5678
0901000812,417010001000812,8910300000010008125,1234,5678
0901000813,417010001000813,8910300000010008133,1234,5678
0901000814,417010001000814,8910300000010008141,1234,5678
0901000815,417010001000815,8910300000010008158,1234,5678
0901000816,417010001000816,8910300000010008166,1234,5678
0901000817,417010001000817,8910300000010008174,1234,5678
0901000818,417010001000818,8910300000010008182,1234,5678
0901000819,417010001000819,8910300000010008190,1234,5678
0901000820,417010001000820,8910300000010008208,1234,5678
0901000821,417010001000821,8910300000010008216,1234,5678
0901000822,417010001000822,8910300000010008224,1234,5678
0901000823,417010001000823,8910300000010008232,1234,5678
0901000824,417010001000824,8910300000010008240,1234,5678
0901000825,417010001000825,8910300000010008257,1234,5678
0901000826,417010001000826,8910300000010008265,1234,5678
0901000827,417010001000827,8910300000010008273,1234,5678
0901000828,417010001000828,8910300000010008281,1234,5678
0901000829,417010001000829,8910300000010008299,1234,5678
0901000830,417010001000830,8910300000010008307,1234,5678
0901000831,417010001000831,8910300000010008315,1234,5678
0901000832,417010001000832,8910300000010008323,1234,5678
0901000833,417010001000833,8910300000010008331,1234,5678
0901000834,417010001000834,8910300000010008349,1234,5678
0901000835,417010001000835,8910300000010008356,1234,5678
0901000836,417010001000836,8910300000010008364,1234,5678
0901000837,417010001000837,8910300000010008372,1234,5678
0901000838,417010001000838,8910300000010008380,1234,5678
0901000839,417010001000839,8910300000010008398,1234,5678
0901000840,417010001000840,8910300000010008406,1234,5678
0901000841,417010001000841,8910300000010008414,1234,5678
0901000842,417010001000842,8910300000010008422,1234,5678
0901000843,417010001000843,8910300000010008430,1234,5678
0901000844,417010001000844,8910300000010008448,1234,5678
0901000845,417010001000845,8910300000010008455,1234,5678
0901000846,417010001000846,8910300000010008463,1234,5678
0901000847,417010001000847,8910300000010008471,1234,5678
0901000848,417010001000848,8910300000010008489,1234,5678
0901000849,417010001000849,8910300000010008497,1234,5678
0901000850,417010001000850,8910300000010008505,1234,5678
0901000851,417010001000851,8910300000010008513,1234,5678
0901000852,417010001000852,8910300000010008521,1234,5678
0901000853,417010001000853,8910300000010008539,1234,5678
0901000854,417010001000854,8910300000010008547,1234,5678
0901000855,417010001000855,8910300000010008554,1234,5678
0901000856,417010001000856,8910300000010008562,1234,5678
0901000857,417010001000857,8910300000010008570,1234,5678
0901000858,417010001000858,8910300000010008588,1234,5678
0901000859,417010001000859,8910300000010008596,1234,5678
0901000860,417010001000860,8910300000010008604,1234,5678
0901000861,417010001000861,8910300000010008612,1234,5678
0901000862,417010001000862,8910300000010008620,1234,5678
0901000863,417010001000863,8910300000010008638,1234,5678
0901000864,417010001000864,8910300000010008646,1234,5678
0901000865,417010001000865,8910300000010008653,1234,5678
0901000866,417010001000866,8910300000010008661,1234,5678
0901000867,417010001000867,8910300000010008679,1234,5678
0901000868,417010001000868,8910300000010008687,1234,5678
0901000869,417010001000869,8910300000010008695,1234,5678
0901000870,417010001000870,8910300000010008703,1234,5678
0901000871,417010001000871,8910300000010008711,1234,5678
0901000872,417010001000872,8910300000010008729,1234,5678
0901000873,417010001000873,8910300000010008737,1234,5678
0901000874,417010001000874,8910300000010008745,1234,5678
0901000875,417010001000875,8910300000010008752,1234,5678
0901000876,417010001000876,8910300000010008760,1234,5678
0901000877,417010001000877,8910300000010008778,1234,5678
0901000878,417010001000878,8910300000010008786,1234,5678
0901000879,417010001000879,8910300000010008794,1234,5678
0901000880,417010001000880,8910300000010008802,1234,5678
0901000881,417010001000881,8910300000010008810,1234,5678
0901000882,417010001000882,8910300000010008828,1234,5678
0901000883,417010001000883,8910300000010008836,1234,5678
0901000884,417010001000884,8910300000010008844,1234,5678
0901000885,417010001000885,8910300000010008851,1234,5678
0901000886,417010001000886,8910300000010008869,1234,5678
0901000887,417010001000887,8910300000010008877,1234,5678
0901000888,417010001000888,8910300000010008885,1234,5678
0901000889,417010001000889,8910300000010008893,1234,5678
0901000890,417010001000890,8910300000010008901,1234,5678
0901000891,417010001000891,8910300000010008919,1234,5678
0901000892,417010001000892,8910300000010008927,1234,5678
0901000893,417010001000893,8910300000010008935,1234,5678
0901000894,417010001000894,8910300000010008943,1234,5678
0901000895,417010001000895,8910300000010008950,1234,5678
0901000896,417010001000896,8910300000010008968,1234,5678
0901000897,417010001000897,8910300000010008976,1234,5678
0901000898,417010001000898,8910300000010008984,1234,5678
0901000899,417010001000899,8910300000010008992,1234,5678
,,INVALID_ICCID,,
0901000901,417010001000901,8910300000010009016,1234,5678
0901000902,417010001000902,8910300000010009024,1234,5678
0901000903,417010001000903,8910300000010009032,1234,5678
0901000904,417010001000904,8910300000010009040,1234,5678
0901000905,417010001000905,8910300000010009057,1234,5678
0901000906,417010001000906,8910300000010009065,1234,5678
0901000907,417010001000907,8910300000010009073,1234,5678
0901000908,417010001000908,8910300000010009081,1234,5678
0901000909,417010001000909,8910300000010009099,1234,5678
0901000910,417010001000910,8910300000010009107,1234,5678
0901000911,417010001000911,8910300000010009115,1234,5678
0901000912,417010001000912,8910300000010009123,1234,5678
0901000913,417010001000913,8910300000010009131,1234,5678
0901000914,417010001000914,8910300000010009149,1234,5678
0901000915,417010001000915,8910300000010009156,1234,5678
0901000916,417010001000916,8910300000010009164,1234,5678
0901000917,417010001000917,8910300000010009172,1234,5678
0901000918,417010001000918,8910300000010009180,1234,5678
0901000919,417010001000919,8910300000010009198,1234,5678
0901000920,417010001000920,8910300000010009206,1234,5678
0901000921,417010001000921,8910300000010009214,1234,5678
0901000922,417010001000922,8910300000010009222,1234,5678
0901000923,417010001000923,8910300000010009230,1234,5678
0901000924,417010001000924,8910300000010009248,1234,5678
0901000925,417010001000925,8910300000010009255,1234,5678
0901000926,417010001000926,8910300000010009263,1234,5678
0901000927,417010001000927,8910300000010009271,1234,5678
0901000928,417010001000928,8910300000010009289,1234,5678
0901000929,417010001000929,8910300000010009297,1234,5678
0901000930,417010001000930,8910300000010009305,1234,5678
0901000931,417010001000931,8910300000010009313,1234,5678
0901000932,417010001000932,8910300000010009321,1234,5678
0901000933,417010001000933,8910300000010009339,1234,5678
0901000934,417010001000934,8910300000010009347,1234,5678
0901000935,417010001000935,8910300000010009354,1234,5678
0901000936,417010001000936,8910300000010009362,1234,5678
0901000937,417010001000937,8910300000010009370,1234,5678
0901000938,417010001000938,8910300000010009388,1234,5678
0901000939,417010001000939,8910300000010009396,1234,5678
0901000940,417010001000940,8910300000010009404,1234,5678
0901000941,417010001000941,8910300000010009412,1234,5678
0901000942,417010001000942,8910300000010009420,1234,5678
0901000943,417010001000943,8910300000010009438,1234,5678
0901000944,417010001000944,8910300000010009446,1234,5678
0901000945,417010001000945,8910300000010009453,1234,5678
0901000946,417010001000946,8910300000010009461,1234,5678
0901000947,417010001000947,8910300000010009479,1234,5678
0901000948,417010001000948,8910300000010009487,1234,5678
0901000949,417010001000949,8910300000010009495,1234,5678
0901000950,417010001000950,8910300000010009503,1234,5678
0901000951,417010001000951,8910300000010009511,1234,5678
0901000952,417010001000952,8910300000010009529,1234,5678
0901000953,417010001000953,8910300000010009537,1234,5678
0901000954,417010001000954,8910300000010009545,1234,5678
0901000955,417010001000955,8910300000010009552,1234,5678
0901000956,417010001000956,8910300000010009560,1234,5678
0901000957,417010001000957,8910300000010009578,1234,5678
0901000958,417010001000958,8910300000010009586,1234,5678
0901000959,417010001000959,8910300000010009594,1234,5678
0901000960,417010001000960,8910300000010009602,1234,5678
0901000961,417010001000961,8910300000010009610,1234,5678
0901000962,417010001000962,8910300000010009628,1234,5678
0901000963,417010001000963,8910300000010009636,1234,5678
0901000964,417010001000964,8910300000010009644,1234,5678
0901000965,417010001000965,8910300000010009651,1234,5678
0901000966,417010001000966,8910300000010009669,1234,5678
0901000967,417010001000967,8910300000010009677,1234,5678
0901000968,417010001000968,8910300000010009685,1234,5678
0901000969,417010001000969,8910300000010009693,1234,5678
0901000970,417010001000970,8910300000010009701,1234,5678
0901000971,417010001000971,8910300000010009719,1234,5678
0901000972,417010001000972,8910300000010009727,1234,5678
0901000973,417010001000973,8910300000010009735,1234,5678
0901000974,417010001000974,8910300000010009743,1234,5678
0901000975,417010001000975,8910300000010009750,1234,5678
0901000976,417010001000976,8910300000010009768,1234,5678
0901000977,417010001000977,8910300000010009776,1234,5678
0901000978,417010001000978,8910300000010009784,1234,5678
0901000979,417010001000979,8910300000010009792,1234,5678
0901000980,417010001000980,8910300000010009800,1234,5678
0901000981,417010001000981,8910300000010009818,1234,5678
0901000982,417010001000982,8910300000010009826,1234,5678
0901000983,417010001000983,8910300000010009834,1234,5678
0901000984,417010001000984,8910300000010009842,1234,5678
0901000985,417010001000985,8910300000010009859,1234,5678
0901000986,417010001000986,8910300000010009867,1234,5678
0901000987,417010001000987,8910300000010009875,1234,5678
0901000988,417010001000988,8910300000010009883,1234,5678
0901000989,417010001000989,8910300000010009891,1234,5678
0901000990,417010001000990,8910300000010009909,1234,5678
0901000991,417010001000991,8910300000010009917,1234,5678
0901000992,417010001000992,8910300000010009925,1234,5678
0901000993,417010001000993,8910300000010009933,1234,5678
0901000994,417010001000994,8910300000010009941,1234,5678
0901000995,417010001000995,8910300000010009958,1234,5678
0901000996,417010001000996,8910300000010009966,1234,5678
0901000997,417010001000997,8910300000010009974,1234,5678
0901000998,417010001000998,8910300000010009982,1234,5678
0901000999,417010001000999,8910300000010009990,1234,5678
,,INVALID_ICCID,,
0901001001,417010001001001,8910300000010010014,1234,5678
0901001002,417010001001002,8910300000010010022,1234,5678
0901001003,417010001001003,8910300000010010030,1234,5678
0901001004,417010001001004,8910300000010010048,1234,5678
0901001005,417010001001005,8910300000010010055,1234,5678
0901001006,417010001001006,8910300000010010063,1234,5678
0901001007,417010001001007,8910300000010010071,1234,5678
0901001008,417010001001008,8910300000010010089,1234,5678
0901001009,417010001001009,8910300000010010097,1234,5678
0901001010,417010001001010,8910300000010010105,1234,5678
0901001011,417010001001011,8910300000010010113,1234,5678
0901001012,417010001001012,8910300000010010121,1234,5678
0901001013,417010001001013,8910300000010010139,1234,5678
0901001014,417010001001014,8910300000010010147,1234,5678
0901001015,417010001001015,8910300000010010154,1234,5678
0901001016,417010001001016,8910300000010010162,1234,5678
0901001017,417010001001017,8910300000010010170,1234,5678
0901001018,417010001001018,8910300000010010188,1234,5678
0901001019,417010001001019,8910300000010010196,1234,5678
0901001020,417010001001020,8910300000010010204,1234,5678
0901001021,417010001001021,8910300000010010212,1234,5678
0901001022,417010001001022,8910300000010010220,1234,5678
0901001023,417010001001023,8910300000010010238,1234,5678
0901001024,417010001001024,8910300000010010246,1234,5678
0901001025,417010001001025,8910300000010010253,1234,5678
0901001026,417010001001026,8910300000010010261,1234,5678
0901001027,417010001001027,8910300000010010279,1234,5678
0901001028,417010001001028,8910300000010010287,1234,5678
0901001029,417010001001029,8910300000010010295,1234,5678
0901001030,417010001001030,8910300000010010303,1234,5678
0901001031,417010001001031,8910300000010010311,1234,5678
0901001032,417010001001032,8910300000010010329,1234,5678
0901001033,417010001001033,8910300000010010337,1234,5678
0901001034,417010001001034,8910300000010010345,1234,5678
0901001035,417010001001035,8910300000010010352,1234,5678
0901001036,417010001001036,8910300000010010360,1234,5678
0901001037,417010001001037,8910300000010010378,1234,5678
0901001038,417010001001038,8910300000010010386,1234,5678
0901001039,417010001001039,8910300000010010394,1234,5678
0901001040,417010001001040,8910300000010010402,1234,5678
0901001041,417010001001041,8910300000010010410,1234,5678
0901001042,417010001001042,8910300000010010428,1234,5678
0901001043,417010001001043,8910300000010010436,1234,5678
0901001044,417010001001044,8910300000010010444,1234,5678
0901001045,417010001001045,8910300000010010451,1234,5678
0901001046,417010001001046,8910300000010010469,1234,5678
0901001047,417010001001047,8910300000010010477,1234,5678
0901001048,417010001001048,8910300000010010485,1234,5678
0901001049,417010001001049,8910300000010010493,1234,5678
0901001050,417010001001050,8910300000010010501,1234,5678
0901001051,417010001001051,8910300000010010519,1234,5678
0901001052,417010001001052,8910300000010010527,1234,5678
0901001053,417010001001053,8910300000010010535,1234,5678
0901001054,417010001001054,8910300000010010543,1234,5678
0901001055,417010001001055,8910300000010010550,1234,5678
0901001056,417010001001056,8910300000010010568,1234,5678
0901001057,417010001001057,8910300000010010576,1234,5678
0901001058,417010001001058,8910300000010010584,1234,5678
0901001059,417010001001059,8910300000010010592,1234,5678
0901001060,417010001001060,8910300000010010600,1234,5678
0901001061,417010001001061,8910300000010010618,1234,5678
0901001062,417010001001062,8910300000010010626,1234,5678
0901001063,417010001001063,8910300000010010634,1234,5678
0901001064,417010001001064,8910300000010010642,1234,5678
0901001065,417010001001065,8910300000010010659,1234,5678
0901001066,417010001001066,8910300000010010667,1234,5678
0901001067,417010001001067,8910300000010010675,1234,5678
0901001068,417010001001068,8910300000010010683,1234,5678
0901001069,417010001001069,8910300000010010691,1234,5678
0901001070,417010001001070,8910300000010010709,1234,5678
0901001071,417010001001071,8910300000010010717,1234,5678
0901001072,417010001001072,8910300000010010725,1234,5678
0901001073,417010001001073,8910300000010010733,1234,5678
0901001074,417010001001074,8910300000010010741,1234,5678
0901001075,417010001001075,8910300000010010758,1234,5678
0901001076,417010001001076,8910300000010010766,1234,5678
0901001077,417010001001077,8910300000010010774,1234,5678
0901001078,417010001001078,8910300000010010782,1234,5678
0901001079,417010001001079,8910300000010010790,1234,5678
0901001080,417010001001080,8910300000010010808,1234,5678
0901001081,417010001001081,8910300000010010816,1234,5678
0901001082,417010001001082,8910300000010010824,1234,5678
0901001083,417010001001083,8910300000010010832,1234,5678
0901001084,417010001001084,8910300000010010840,1234,5678
0901001085,417010001001085,8910300000010010857,1234,5678
0901001086,417010001001086,8910300000010010865,1234,5678
0901001087,417010001001087,8910300000010010873,1234,5678
0901001088,417010001001088,8910300000010010881,1234,5678
0901001089,417010001001089,8910300000010010899,1234,5678
0901001090,417010001001090,8910300000010010907,1234,5678
0901001091,417010001001091,8910300000010010915,1234,5678
0901001092,417010001001092,8910300000010010923,1234,5678
0901001093,417010001001093,8910300000010010931,1234,5678
0901001094,417010001001094,8910300000010010949,1234,5678
0901001095,417010001001095,8910300000010010956,1234,5678
0901001096,417010001001096,8910300000010010964,1234,5678
0901001097,417010001001097,8910300000010010972,1234,5678
0901001098,417010001001098,8910300000010010980,1234,5678
0901001099,417010001001099,8910300000010010998,1234,5678
,,INVALID_ICCID,,
0901001101,417010001001101,8910300000010011012,1234,5678
0901001102,417010001001102,8910300000010011020,1234,5678
0901001103,417010001001103,8910300000010011038,1234,5678
0901001104,417010001001104,8910300000010011046,1234,5678
0901001105,417010001001105,8910300000010011053,1234,5678
0901001106,417010001001106,8910300000010011061,1234,5678
0901001107,417010001001107,8910300000010011079,1234,5678
0901001108,417010001001108,8910300000010011087,1234,5678
0901001109,417010001001109,8910300000010011095,1234,5678
0901001110,417010001001110,8910300000010011103,1234,5678
0901001111,417010001001111,8910300000010011111,1234,5678
0901001112,417010001001112,8910300000010011129,1234,5678
0901001113,417010001001113,8910300000010011137,1234,5678
0901001114,417010001001114,8910300000010011145,1234,5678
0901001115,417010001001115,8910300000010011152,1234,5678
0901001116,417010001001116,8910300000010011160,1234,5678
0901001117,417010001001117,8910300000010011178,1234,5678
0901001118,417010001001118,8910300000010011186,1234,5678
0901001119,417010001001119,8910300000010011194,1234,5678
0901001120,417010001001120,8910300000010011202,1234,5678
0901001121,417010001001121,8910300000010011210,1234,5678
0901001122,417010001001122,8910300000010011228,1234,5678
0901001123,417010001001123,8910300000010011236,1234,5678
0901001124,417010001001124,8910300000010011244,1234,5678
0901001125,417010001001125,8910300000010011251,1234,5678
0901001126,417010001001126,8910300000010011269,1234,5678
0901001127,417010001001127,8910300000010011277,1234,5678
0901001128,417010001001128,8910300000010011285,1234,5678
0901001129,417010001001129,8910300000010011293,1234,5678
0901001130,417010001001130,8910300000010011301,1234,5678
0901001131,417010001001131,8910300000010011319,1234,5678
0901001132,417010001001132,8910300000010011327,1234,5678
0901001133,417010001001133,8910300000010011335,1234,5678
0901001134,417010001001134,8910300000010011343,1234,5678
0901001135,417010001001135,8910300000010011350,1234,5678
0901001136,417010001001136,8910300000010011368,1234,5678
0901001137,417010001001137,8910300000010011376,1234,5678
0901001138,417010001001138,8910300000010011384,1234,5678
0901001139,417010001001139,8910300000010011392,1234,5678
0901001140,417010001001140,8910300000010011400,1234,5678
0901001141,417010001001141,8910300000010011418,1234,5678
0901001142,417010001001142,8910300000010011426,1234,5678
0901001143,417010001001143,8910300000010011434,1234,5678
0901001144,417010001001144,8910300000010011442,1234,5678
0901001145,417010001001145,8910300000010011459,1234,5678
0901001146,417010001001146,8910300000010011467,1234,5678
0901001147,417010001001147,8910300000010011475,1234,5678
0901001148,417010001001148,8910300000010011483,1234,5678
0901001149,417010001001149,8910300000010011491,1234,5678
0901001150,417010001001150,8910300000010011509,1234,5678
0901001151,417010001001151,8910300000010011517,1234,5678
0901001152,417010001001152,8910300000010011525,1234,5678
0901001153,417010001001153,8910300000010011533,1234,5678
0901001154,417010001001154,8910300000010011541,1234,5678
0901001155,417010001001155,8910300000010011558,1234,5678
0901001156,417010001001156,8910300000010011566,1234,5678
0901001157,417010001001157,8910300000010011574,1234,5678
0901001158,417010001001158,8910300000010011582,1234,5678
0901001159,417010001001159,8910300000010011590,1234,5678
0901001160,417010001001160,8910300000010011608,1234,5678
0901001161,417010001001161,8910300000010011616,1234,5678
0901001162,417010001001162,8910300000010011624,1234,5678
0901001163,417010001001163,8910300000010011632,1234,5678
0901001164,417010001001164,8910300000010011640,1234,5678
0901001165,417010001001165,8910300000010011657,1234,5678
0901001166,417010001001166,8910300000010011665,1234,5678
0901001167,417010001001167,8910300000010011673,1234,5678
0901001168,417010001001168,8910300000010011681,1234,5678
0901001169,417010001001169,8910300000010011699,1234,5678
0901001170,417010001001170,8910300000010011707,1234,5678
0901001171,417010001001171,8910300000010011715,1234,5678
0901001172,417010001001172,8910300000010011723,1234,5678
0901001173,417010001001173,8910300000010011731,1234,5678
0901001174,417010001001174,8910300000010011749,1234,5678
0901001175,417010001001175,8910300000010011756,1234,5678
0901001176,417010001001176,8910300000010011764,1234,5678
0901001177,417010001001177,8910300000010011772,1234,5678
0901001178,417010001001178,8910300000010011780,1234,5678
0901001179,417010001001179,8910300000010011798,1234,5678
0901001180,417010001001180,8910300000010011806,1234,5678
0901001181,417010001001181,8910300000010011814,1234,5678
0901001182,417010001001182,8910300000010011822,1234,5678
0901001183,417010001001183,8910300000010011830,1234,5678
0901001184,417010001001184,8910300000010011848,1234,5678
0901001185,417010001001185,8910300000010011855,1234,5678
0901001186,417010001001186,8910300000010011863,1234,5678
0901001187,417010001001187,8910300000010011871,1234,5678
0901001188,417010001001188,8910300000010011889,1234,5678
0901001189,417010001001189,8910300000010011897,1234,5678
0901001190,417010001001190,8910300000010011905,1234,5678
0901001191,417010001001191,8910300000010011913,1234,5678
0901001192,417010001001192,8910300000010011921,1234,5678
0901001193,417010001001193,8910300000010011939,1234,5678
0901001194,417010001001194,8910300000010011947,1234,5678
0901001195,417010001001195,8910300000010011954,1234,5678
0901001196,417010001001196,8910300000010011962,1234,5678
0901001197,417010001001197,8910300000010011970,1234,5678
0901001198,417010001001198,8910300000010011988,1234,5678
0901001199,417010001001199,8910300000010011996,1234,5678
,,INVALID_ICCID,,
0901001201,417010001001201,8910300000010012010,1234,5678
0901001202,417010001001202,8910300000010012028,1234,5678
0901001203,417010001001203,8910300000010012036,1234,5678
0901001204,417010001001204,8910300000010012044,1234,5678
0901001205,417010001001205,8910300000010012051,1234,5678
0901001206,417010001001206,8910300000010012069,1234,5678
0901001207,417010001001207,8910300000010012077,1234,5678
0901001208,417010001001208,8910300000010012085,1234,5678
0901001209,417010001001209,8910300000010012093,1234,5678
0901001210,417010001001210,8910300000010012101,1234,5678
0901001211,417010001001211,8910300000010012119,1234,5678
0901001212,417010001001212,8910300000010012127,1234,5678
0901001213,417010001001213,8910300000010012135,1234,5678
0901001214,417010001001214,8910300000010012143,1234,5678
0901001215,417010001001215,8910300000010012150,1234,5678
0901001216,417010001001216,8910300000010012168,1234,5678
0901001217,417010001001217,8910300000010012176,1234,5678
0901001218,417010001001218,8910300000010012184,1234,5678
0901001219,417010001001219,8910300000010012192,1234,5678
0901001220,417010001001220,8910300000010012200,1234,5678
0901001221,417010001001221,8910300000010012218,1234,5678
0901001222,417010001001222,8910300000010012226,1234,5678
0901001223,417010001001223,8910300000010012234,1234,5678
0901001224,417010001001224,8910300000010012242,1234,5678
0901001225,417010001001225,8910300000010012259,1234,5678
0901001226,417010001001226,8910300000010012267,1234,5678
0901001227,417010001001227,8910300000010012275,1234,5678
0901001228,417010001001228,8910300000010012283,1234,5678
0901001229,417010001001229,8910300000010012291,1234,5678
0901001230,417010001001230,8910300000010012309,1234,5678
0901001231,417010001001231,8910300000010012317,1234,5678
0901001232,417010001001232,8910300000010012325,1234,5678
0901001233,417010001001233,8910300000010012333,1234,5678
0901001234,417010001001234,8910300000010012341,1234,5678
0901001235,417010001001235,8910300000010012358,1234,5678
0901001236,417010001001236,8910300000010012366,1234,5678
0901001237,417010001001237,8910300000010012374,1234,5678
0901001238,417010001001238,8910300000010012382,1234,5678
0901001239,417010001001239,8910300000010012390,1234,5678
0901001240,417010001001240,8910300000010012408,1234,5678
0901001241,417010001001241,8910300000010012416,1234,5678
0901001242,417010001001242,8910300000010012424,1234,5678
0901001243,417010001001243,8910300000010012432,1234,5678
0901001244,417010001001244,8910300000010012440,1234,5678
0901001245,417010001001245,8910300000010012457,1234,5678
0901001246,417010001001246,8910300000010012465,1234,5678
0901001247,417010001001247,8910300000010012473,1234,5678
0901001248,417010001001248,8910300000010012481,1234,5678
0901001249,417010001001249,8910300000010012499,1234,5678
0901001250,417010001001250,8910300000010012507,1234,5678
0901001251,417010001001251,8910300000010012515,1234,5678
0901001252,417010001001252,8910300000010012523,1234,5678
0901001253,417010001001253,8910300000010012531,1234,5678
0901001254,417010001001254,8910300000010012549,1234,5678
0901001255,417010001001255,8910300000010012556,1234,5678
0901001256,417010001001256,8910300000010012564,1234,5678
0901001257,417010001001257,8910300000010012572,1234,5678
0901001258,417010001001258,8910300000010012580,1234,5678
0901001259,417010001001259,8910300000010012598,1234,5678
0901001260,417010001001260,8910300000010012606,1234,5678
0901001261,417010001001261,8910300000010012614,1234,5678
0901001262,417010001001262,8910300000010012622,1234,5678
0901001263,417010001001263,8910300000010012630,1234,5678
0901001264,417010001001264,8910300000010012648,1234,5678
0901001265,417010001001265,8910300000010012655,1234,5678
0901001266,417010001001266,8910300000010012663,1234,5678
0901001267,417010001001267,8910300000010012671,1234,5678
0901001268,417010001001268,8910300000010012689,1234,5678
0901001269,417010001001269,8910300000010012697,1234,5678
0901001270,417010001001270,8910300000010012705,1234,5678
0901001271,417010001001271,8910300000010012713,1234,5678
0901001272,417010001001272,8910300000010012721,1234,5678
0901001273,417010001001273,8910300000010012739,1234,5678
0901001274,417010001001274,8910300000010012747,1234,5678
0901001275,417010001001275,8910300000010012754,1234,5678
0901001276,417010001001276,8910300000010012762,1234,5678
0901001277,417010001001277,8910300000010012770,1234,5678
0901001278,417010001001278,8910300000010012788,1234,5678
0901001279,417010001001279,8910300000010012796,1234,5678
0901001280,417010001001280,8910300000010012804,1234,5678
0901001281,417010001001281,8910300000010012812,1234,5678
0901001282,417010001001282,8910300000010012820,1234,5678
0901001283,417010001001283,8910300000010012838,1234,5678
0901001284,417010001001284,8910300000010012846,1234,5678
0901001285,417010001001285,8910300000010012853,1234,5678
0901001286,417010001001286,8910300000010012861,1234,5678
0901001287,417010001001287,8910300000010012879,1234,5678
0901001288,417010001001288,8910300000010012887,1234,5678
0901001289,417010001001289,8910300000010012895,1234,5678
0901001290,417010001001290,8910300000010012903,1234,5678
0901001291,417010001001291,8910300000010012911,1234,5678
0901001292,417010001001292,8910300000010012929,1234,5678
0901001293,417010001001293,8910300000010012937,1234,5678
0901001294,417010001001294,8910300000010012945,1234,5678
0901001295,417010001001295,8910300000010012952,1234,5678
0901001296,417010001001296,8910300000010012960,1234,5678
0901001297,417010001001297,8910300000010012978,1234,5678
0901001298,417010001001298,8910300000010012986,1234,5678
0901001299,417010001001299,8910300000010012994,1234,5678
,,INVALID_ICCID,,
0901001301,417010001001301,8910300000010013018,1234,5678
0901001302,417010001001302,8910300000010013026,1234,5678
0901001303,417010001001303,8910300000010013034,1234,5678
0901001304,417010001001304,8910300000010013042,1234,5678
0901001305,417010001001305,8910300000010013059,1234,5678
0901001306,417010001001306,8910300000010013067,1234,5678
0901001307,417010001001307,8910300000010013075,1234,5678
0901001308,417010001001308,8910300000010013083,1234,5678
0901001309,417010001001309,8910300000010013091,1234,5678
0901001310,417010001001310,8910300000010013109,1234,5678
0901001311,417010001001311,8910300000010013117,1234,5678
0901001312,417010001001312,8910300000010013125,1234,5678
0901001313,417010001001313,8910300000010013133,1234,5678
0901001314,417010001001314,8910300000010013141,1234,5678
0901001315,417010001001315,8910300000010013158,1234,5678
0901001316,417010001001316,8910300000010013166,1234,5678
0901001317,417010001001317,8910300000010013174,1234,5678
0901001318,417010001001318,8910300000010013182,1234,5678
0901001319,417010001001319,8910300000010013190,1234,5678
0901001320,417010001001320,8910300000010013208,1234,5678
0901001321,417010001001321,8910300000010013216,1234,5678
0901001322,417010001001322,8910300000010013224,1234,5678
0901001323,417010001001323,8910300000010013232,1234,5678
0901001324,417010001001324,8910300000010013240,1234,5678
0901001325,417010001001325,8910300000010013257,1234,5678
0901001326,417010001001326,8910300000010013265,1234,5678
0901001327,417010001001327,8910300000010013273,1234,5678
0901001328,417010001001328,8910300000010013281,1234,5678
0901001329,417010001001329,8910300000010013299,1234,5678
0901001330,417010001001330,8910300000010013307,1234,5678
0901001331,417010001001331,8910300000010013315,1234,5678
0901001332,417010001001332,8910300000010013323,1234,5678
0901001333,417010001001333,8910300000010013331,1234,5678
0901001334,417010001001334,8910300000010013349,1234,5678
0901001335,417010001001335,8910300000010013356,1234,5678
0901001336,417010001001336,8910300000010013364,1234,5678
0901001337,417010001001337,8910300000010013372,1234,5678
0901001338,417010001001338,8910300000010013380,1234,5678
0901001339,417010001001339,8910300000010013398,1234,5678
0901001340,417010001001340,8910300000010013406,1234,5678
0901001341,417010001001341,8910300000010013414,1234,5678
0901001342,417010001001342,8910300000010013422,1234,5678
0901001343,417010001001343,8910300000010013430,1234,5678
0901001344,417010001001344,8910300000010013448,1234,5678
0901001345,417010001001345,8910300000010013455,1234,5678
0901001346,417010001001346,8910300000010013463,1234,5678
0901001347,417010001001347,8910300000010013471,1234,5678
0901001348,417010001001348,8910300000010013489,1234,5678
0901001349,417010001001349,8910300000010013497,1234,5678
0901001350,417010001001350,8910300000010013505,1234,5678
0901001351,417010001001351,8910300000010013513,1234,5678
0901001352,417010001001352,8910300000010013521,1234,5678
0901001353,417010001001353,8910300000010013539,1234,5678
0901001354,417010001001354,8910300000010013547,1234,5678
0901001355,417010001001355,8910300000010013554,1234,5678
0901001356,417010001001356,8910300000010013562,1234,5678
0901001357,417010001001357,8910300000010013570,1234,5678
0901001358,417010001001358,8910300000010013588,1234,5678
0901001359,417010001001359,8910300000010013596,1234,5678
0901001360,417010001001360,8910300000010013604,1234,5678
0901001361,417010001001361,8910300000010013612,1234,5678
0901001362,417010001001362,8910300000010013620,1234,5678
0901001363,417010001001363,8910300000010013638,1234,5678
0901001364,417010001001364,8910300000010013646,1234,5678
0901001365,417010001001365,8910300000010013653,1234,5678
0901001366,417010001001366,8910300000010013661,1234,5678
0901001367,417010001001367,8910300000010013679,1234,5678
0901001368,417010001001368,8910300000010013687,1234,5678
0901001369,417010001001369,8910300000010013695,1234,5678
0901001370,417010001001370,8910300000010013703,1234,5678
0901001371,417010001001371,8910300000010013711,1234,5678
0901001372,417010001001372,8910300000010013729,1234,5678
0901001373,417010001001373,8910300000010013737,1234,5678
0901001374,417010001001374,8910300000010013745,1234,5678
0901001375,417010001001375,8910300000010013752,1234,5678
0901001376,417010001001376,8910300000010013760,1234,5678
0901001377,417010001001377,8910300000010013778,1234,5678
0901001378,417010001001378,8910300000010013786,1234,5678
0901001379,417010001001379,8910300000010013794,1234,5678
0901001380,417010001001380,8910300000010013802,1234,5678
0901001381,417010001001381,8910300000010013810,1234,5678
0901001382,417010001001382,8910300000010013828,1234,5678
0901001383,417010001001383,8910300000010013836,1234,5678
0901001384,417010001001384,8910300000010013844,1234,5678
0901001385,417010001001385,8910300000010013851,1234,5678
0901001386,417010001001386,8910300000010013869,1234,5678
0901001387,417010001001387,8910300000010013877,1234,5678
0901001388,417010001001388,8910300000010013885,1234,5678
0901001389,417010001001389,8910300000010013893,1234,5678
0901001390,417010001001390,8910300000010013901,1234,5678
0901001391,417010001001391,8910300000010013919,1234,5678
0901001392,417010001001392,8910300000010013927,1234,5678
0901001393,417010001001393,8910300000010013935,1234,5678
0901001394,417010001001394,8910300000010013943,1234,5678
0901001395,417010001001395,8910300000010013950,1234,5678
0901001396,417010001001396,8910300000010013968,1234,5678
0901001397,417010001001397,8910300000010013976,1234,5678
0901001398,417010001001398,8910300000010013984,1234,5678
0901001399,417010001001399,8910300000010013992,1234,5678
,,INVALID_ICCID,,
0901001401,417010001001401,8910300000010014016,1234,5678
0901001402,417010001001402,8910300000010014024,1234,5678
0901001403,417010001001403,8910300000010014032,1234,5678
0901001404,417010001001404,8910300000010014040,1234,5678
0901001405,417010001001405,8910300000010014057,1234,5678
0901001406,417010001001406,8910300000010014065,1234,5678
0901001407,417010001001407,8910300000010014073,1234,5678
0901001408,417010001001408,8910300000010014081,1234,5678
0901001409,417010001001409,8910300000010014099,1234,5678
0901001410,417010001001410,8910300000010014107,1234,5678
0901001411,417010001001411,8910300000010014115,1234,5678
0901001412,417010001001412,8910300000010014123,1234,5678
0901001413,417010001001413,8910300000010014131,1234,5678
0901001414,417010001001414,8910300000010014149,1234,5678
0901001415,417010001001415,8910300000010014156,1234,5678
0901001416,417010001001416,8910300000010014164,1234,5678
0901001417,417010001001417,8910300000010014172,1234,5678
0901001418,417010001001418,8910300000010014180,1234,5678
0901001419,417010001001419,8910300000010014198,1234,5678
0901001420,417010001001420,8910300000010014206,1234,5678
0901001421,417010001001421,8910300000010014214,1234,5678
0901001422,417010001001422,8910300000010014222,1234,5678
0901001423,417010001001423,8910300000010014230,1234,5678
0901001424,417010001001424,8910300000010014248,1234,5678
0901001425,417010001001425,8910300000010014255,1234,5678
0901001426,417010001001426,8910300000010014263,1234,5678
0901001427,417010001001427,8910300000010014271,1234,5678
0901001428,417010001001428,8910300000010014289,1234,5678
0901001429,417010001001429,8910300000010014297,1234,5678
0901001430,417010001001430,8910300000010014305,1234,5678
0901001431,417010001001431,8910300000010014313,1234,5678
0901001432,417010001001432,8910300000010014321,1234,5678
0901001433,417010001001433,8910300000010014339,1234,5678
0901001434,417010001001434,8910300000010014347,1234,5678
0901001435,417010001001435,8910300000010014354,1234,5678
0901001436,417010001001436,8910300000010014362,1234,5678
0901001437,417010001001437,8910300000010014370,1234,5678
0901001438,417010001001438,8910300000010014388,1234,5678
0901001439,417010001001439,8910300000010014396,1234,5678
0901001440,417010001001440,8910300000010014404,1234,5678
0901001441,417010001001441,8910300000010014412,1234,5678
0901001442,417010001001442,8910300000010014420,1234,5678
0901001443,417010001001443,8910300000010014438,1234,5678
0901001444,417010001001444,8910300000010014446,1234,5678
0901001445,417010001001445,8910300000010014453,1234,5678
0901001446,417010001001446,8910300000010014461,1234,5678
0901001447,417010001001447,8910300000010014479,1234,5678
0901001448,417010001001448,8910300000010014487,1234,5678
0901001449,417010001001449,8910300000010014495,1234,5678
0901001450,417010001001450,8910300000010014503,1234,5678
0901001451,417010001001451,8910300000010014511,1234,5678
0901001452,417010001001452,8910300000010014529,1234,5678
0901001453,417010001001453,8910300000010014537,1234,5678
0901001454,417010001001454,8910300000010014545,1234,5678
0901001455,417010001001455,8910300000010014552,1234,5678
0901001456,417010001001456,8910300000010014560,1234,5678
0901001457,417010001001457,8910300000010014578,1234,5678
0901001458,417010001001458,8910300000010014586,1234,5678
0901001459,417010001001459,8910300000010014594,1234,5678
0901001460,417010001001460,8910300000010014602,1234,5678
0901001461,417010001001461,8910300000010014610,1234,5678
0901001462,417010001001462,8910300000010014628,1234,5678
0901001463,417010001001463,8910300000010014636,1234,5678
0901001464,417010001001464,8910300000010014644,1234,5678
0901001465,417010001001465,8910300000010014651,1234,5678
0901001466,417010001001466,8910300000010014669,1234,5678
0901001467,417010001001467,8910300000010014677,1234,5678
0901001468,417010001001468,8910300000010014685,1234,5678
0901001469,417010001001469,8910300000010014693,1234,5678
0901001470,417010001001470,8910300000010014701,1234,5678
0901001471,417010001001471,8910300000010014719,1234,5678
0901001472,417010001001472,8910300000010014727,1234,5678
0901001473,417010001001473,8910300000010014735,1234,5678
0901001474,417010001001474,8910300000010014743,1234,5678
0901001475,417010001001475,8910300000010014750,1234,5678
0901001476,417010001001476,8910300000010014768,1234,5678
0901001477,417010001001477,8910300000010014776,1234,5678
0901001478,417010001001478,8910300000010014784,1234,5678
0901001479,417010001001479,8910300000010014792,1234,5678
0901001480,417010001001480,8910300000010014800,1234,5678
0901001481,417010001001481,8910300000010014818,1234,5678
0901001482,417010001001482,8910300000010014826,1234,5678
0901001483,417010001001483,8910300000010014834,1234,5678
0901001484,417010001001484,8910300000010014842,1234,5678
0901001485,417010001001485,8910300000010014859,1234,5678
0901001486,417010001001486,8910300000010014867,1234,5678
0901001487,417010001001487,8910300000010014875,1234,5678
0901001488,417010001001488,8910300000010014883,1234,5678
0901001489,417010001001489,8910300000010014891,1234,5678
0901001490,417010001001490,8910300000010014909,1234,5678
0901001491,417010001001491,8910300000010014917,1234,5678
0901001492,417010001001492,8910300000010014925,1234,5678
0901001493,417010001001493,8910300000010014933,1234,5678
0901001494,417010001001494,8910300000010014941,1234,5678
0901001495,417010001001495,8910300000010014958,1234,5678
0901001496,417010001001496,8910300000010014966,1234,5678
0901001497,417010001001497,8910300000010014974,1234,5678
0901001498,417010001001498,8910300000010014982,1234,5678
0901001499,417010001001499,8910300000010014990,1234,5678
,,INVALID_ICCID,,
0901001501,417010001001501,8910300000010015013,1234,5678
0901001502,417010001001502,8910300000010015021,1234,5678
0901001503,417010001001503,8910300000010015039,1234,5678
0901001504,417010001001504,8910300000010015047,1234,5678
0901001505,417010001001505,8910300000010015054,1234,5678
0901001506,417010001001506,8910300000010015062,1234,5678
0901001507,417010001001507,8910300000010015070,1234,5678
0901001508,417010001001508,8910300000010015088,1234,5678
0901001509,417010001001509,8910300000010015096,1234,5678
0901001510,417010001001510,8910300000010015104,1234,5678
0901001511,417010001001511,8910300000010015112,1234,5678
0901001512,417010001001512,8910300000010015120,1234,5678
0901001513,417010001001513,8910300000010015138,1234,5678
0901001514,417010001001514,8910300000010015146,1234,5678
0901001515,417010001001515,8910300000010015153,1234,5678
0901001516,417010001001516,8910300000010015161,1234,5678
0901001517,417010001001517,8910300000010015179,1234,5678
0901001518,417010001001518,8910300000010015187,1234,5678
0901001519,417010001001519,8910300000010015195,1234,5678
0901001520,417010001001520,8910300000010015203,1234,5678
0901001521,417010001001521,8910300000010015211,1234,5678
0901001522,417010001001522,8910300000010015229,1234,5678
0901001523,417010001001523,8910300000010015237,1234,5678
0901001524,417010001001524,8910300000010015245,1234,5678
0901001525,417010001001525,8910300000010015252,1234,5678
0901001526,417010001001526,8910300000010015260,1234,5678
0901001527,417010001001527,8910300000010015278,1234,5678
0901001528,417010001001528,8910300000010015286,1234,5678
0901001529,417010001001529,8910300000010015294,1234,5678
0901001530,417010001001530,8910300000010015302,1234,5678
0901001531,417010001001531,8910300000010015310,1234,5678
0901001532,417010001001532,8910300000010015328,1234,5678
0901001533,417010001001533,8910300000010015336,1234,5678
0901001534,417010001001534,8910300000010015344,1234,5678
0901001535,417010001001535,8910300000010015351,1234,5678
0901001536,417010001001536,8910300000010015369,1234,5678
0901001537,417010001001537,8910300000010015377,1234,5678
0901001538,417010001001538,8910300000010015385,1234,5678
0901001539,417010001001539,8910300000010015393,1234,5678
0901001540,417010001001540,8910300000010015401,1234,5678
0901001541,417010001001541,8910300000010015419,1234,5678
0901001542,417010001001542,8910300000010015427,1234,5678
0901001543,417010001001543,8910300000010015435,1234,5678
0901001544,417010001001544,8910300000010015443,1234,5678
0901001545,417010001001545,8910300000010015450,1234,5678
0901001546,417010001001546,8910300000010015468,1234,5678
0901001547,417010001001547,8910300000010015476,1234,5678
0901001548,417010001001548,8910300000010015484,1234,5678
0901001549,417010001001549,8910300000010015492,1234,5678
0901001550,417010001001550,8910300000010015500,1234,5678
0901001551,417010001001551,8910300000010015518,1234,5678
0901001552,417010001001552,8910300000010015526,1234,5678
0901001553,417010001001553,8910300000010015534,1234,5678
0901001554,417010001001554,8910300000010015542,1234,5678
0901001555,417010001001555,8910300000010015559,1234,5678
0901001556,417010001001556,8910300000010015567,1234,5678
0901001557,417010001001557,8910300000010015575,1234,5678
0901001558,417010001001558,8910300000010015583,1234,5678
0901001559,417010001001559,8910300000010015591,1234,5678
0901001560,417010001001560,8910300000010015609,1234,5678
0901001561,417010001001561,8910300000010015617,1234,5678
0901001562,417010001001562,8910300000010015625,1234,5678
0901001563,417010001001563,8910300000010015633,1234,5678
0901001564,417010001001564,8910300000010015641,1234,5678
0901001565,417010001001565,8910300000010015658,1234,5678
0901001566,417010001001566,8910300000010015666,1234,5678
0901001567,417010001001567,8910300000010015674,1234,5678
0901001568,417010001001568,8910300000010015682,1234,5678
0901001569,417010001001569,8910300000010015690,1234,5678
0901001570,417010001001570,8910300000010015708,1234,5678
0901001571,417010001001571,8910300000010015716,1234,5678
0901001572,417010001001572,8910300000010015724,1234,5678
0901001573,417010001001573,8910300000010015732,1234,5678
0901001574,417010001001574,8910300000010015740,1234,5678
0901001575,417010001001575,8910300000010015757,1234,5678
0901001576,417010001001576,8910300000010015765,1234,5678
0901001577,417010001001577,8910300000010015773,1234,5678
0901001578,417010001001578,8910300000010015781,1234,5678
0901001579,417010001001579,8910300000010015799,1234,5678
0901001580,417010001001580,8910300000010015807,1234,5678
0901001581,417010001001581,8910300000010015815,1234,5678
0901001582,417010001001582,8910300000010015823,1234,5678
0901001583,417010001001583,8910300000010015831,1234,5678
0901001584,417010001001584,8910300000010015849,1234,5678
0901001585,417010001001585,8910300000010015856,1234,5678
0901001586,417010001001586,8910300000010015864,1234,5678
0901001587,417010001001587,8910300000010015872,1234,5678
0901001588,417010001001588,8910300000010015880,1234,5678
0901001589,417010001001589,8910300000010015898,1234,5678
0901001590,417010001001590,8910300000010015906,1234,5678
0901001591,417010001001591,8910300000010015914,1234,5678
0901001592,417010001001592,8910300000010015922,1234,5678
0901001593,417010001001593,8910300000010015930,1234,5678
0901001594,417010001001594,8910300000010015948,1234,5678
0901001595,417010001001595,8910300000010015955,1234,5678
0901001596,417010001001596,8910300000010015963,1234,5678
0901001597,417010001001597,8910300000010015971,1234,5678
0901001598,417010001001598,8910300000010015989,1234,5678
0901001599,417010001001599,8910300000010015997,1234,5678
,,INVALID_ICCID,,
0901001601,417010001001601,8910300000010016011,1234,5678
0901001602,417010001001602,8910300000010016029,1234,5678
0901001603,417010001001603,8910300000010016037,1234,5678
0901001604,417010001001604,8910300000010016045,1234,5678
0901001605,417010001001605,8910300000010016052,1234,5678
0901001606,417010001001606,8910300000010016060,1234,5678
0901001607,417010001001607,8910300000010016078,1234,5678
0901001608,417010001001608,8910300000010016086,1234,5678
0901001609,417010001001609,8910300000010016094,1234,5678
0901001610,417010001001610,8910300000010016102,1234,5678
0901001611,417010001001611,8910300000010016110,1234,5678
0901001612,417010001001612,8910300000010016128,1234,5678
0901001613,417010001001613,8910300000010016136,1234,5678
0901001614,417010001001614,8910300000010016144,1234,5678
0901001615,417010001001615,8910300000010016151,1234,5678
0901001616,417010001001616,8910300000010016169,1234,5678
0901001617,417010001001617,8910300000010016177,1234,5678
0901001618,417010001001618,8910300000010016185,1234,5678
0901001619,417010001001619,8910300000010016193,1234,5678
0901001620,417010001001620,8910300000010016201,1234,5678
0901001621,417010001001621,8910300000010016219,1234,5678
0901001622,417010001001622,8910300000010016227,1234,5678
0901001623,417010001001623,8910300000010016235,1234,5678
0901001624,417010001001624,8910300000010016243,1234,5678
0901001625,417010001001625,8910300000010016250,1234,5678
0901001626,417010001001626,8910300000010016268,1234,5678
0901001627,417010001001627,8910300000010016276,1234,5678
0901001628,417010001001628,8910300000010016284,1234,5678
0901001629,417010001001629,8910300000010016292,1234,5678
0901001630,417010001001630,8910300000010016300,1234,5678
0901001631,417010001001631,8910300000010016318,1234,5678
0901001632,417010001001632,8910300000010016326,1234,5678
0901001633,417010001001633,8910300000010016334,1234,5678
0901001634,417010001001634,8910300000010016342,1234,5678
0901001635,417010001001635,8910300000010016359,1234,5678
0901001636,417010001001636,8910300000010016367,1234,5678
0901001637,417010001001637,8910300000010016375,1234,5678
0901001638,417010001001638,8910300000010016383,1234,5678
0901001639,417010001001639,8910300000010016391,1234,5678
0901001640,417010001001640,8910300000010016409,1234,5678
0901001641,417010001001641,8910300000010016417,1234,5678
0901001642,417010001001642,8910300000010016425,1234,5678
0901001643,417010001001643,8910300000010016433,1234,5678
0901001644,417010001001644,8910300000010016441,1234,5678
0901001645,417010001001645,8910300000010016458,1234,5678
0901001646,417010001001646,8910300000010016466,1234,5678
0901001647,417010001001647,8910300000010016474,1234,5678
0901001648,417010001001648,8910300000010016482,1234,5678
0901001649,417010001001649,8910300000010016490,1234,5678
0901001650,417010001001650,8910300000010016508,1234,5678
0901001651,417010001001651,8910300000010016516,1234,5678
0901001652,417010001001652,8910300000010016524,1234,5678
0901001653,417010001001653,8910300000010016532,1234,5678
0901001654,417010001001654,8910300000010016540,1234,5678
0901001655,417010001001655,8910300000010016557,1234,5678
0901001656,417010001001656,8910300000010016565,1234,5678
0901001657,417010001001657,8910300000010016573,1234,5678
0901001658,417010001001658,8910300000010016581,1234,5678
0901001659,417010001001659,8910300000010016599,1234,5678
0901001660,417010001001660,8910300000010016607,1234,5678
0901001661,417010001001661,8910300000010016615,1234,5678
0901001662,417010001001662,8910300000010016623,1234,5678
0901001663,417010001001663,8910300000010016631,1234,5678
0901001664,417010001001664,8910300000010016649,1234,5678
0901001665,417010001001665,8910300000010016656,1234,5678
0901001666,417010001001666,8910300000010016664,1234,5678
0901001667,417010001001667,8910300000010016672,1234,5678
0901001668,417010001001668,8910300000010016680,1234,5678
0901001669,417010001001669,8910300000010016698,1234,5678
0901001670,417010001001670,8910300000010016706,1234,5678
0901001671,417010001001671,8910300000010016714,1234,5678
0901001672,417010001001672,8910300000010016722,1234,5678
0901001673,417010001001673,8910300000010016730,1234,5678
0901001674,417010001001674,8910300000010016748,1234,5678
0901001675,417010001001675,8910300000010016755,1234,5678
0901001676,417010001001676,8910300000010016763,1234,5678
0901001677,417010001001677,8910300000010016771,1234,5678
0901001678,417010001001678,8910300000010016789,1234,5678
0901001679,417010001001679,8910300000010016797,1234,5678
0901001680,417010001001680,8910300000010016805,1234,5678
0901001681,417010001001681,8910300000010016813,1234,5678
0901001682,417010001001682,8910300000010016821,1234,5678
0901001683,417010001001683,8910300000010016839,1234,5678
0901001684,417010001001684,8910300000010016847,1234,5678
0901001685,417010001001685,8910300000010016854,1234,5678
0901001686,417010001001686,8910300000010016862,1234,5678
0901001687,417010001001687,8910300000010016870,1234,5678
0901001688,417010001001688,8910300000010016888,1234,5678
0901001689,417010001001689,8910300000010016896,1234,5678
0901001690,417010001001690,8910300000010016904,1234,5678
0901001691,417010001001691,8910300000010016912,1234,5678
0901001692,417010001001692,8910300000010016920,1234,5678
0901001693,417010001001693,8910300000010016938,1234,5678
0901001694,417010001001694,8910300000010016946,1234,5678
0901001695,417010001001695,8910300000010016953,1234,5678
0901001696,417010001001696,8910300000010016961,1234,5678
0901001697,417010001001697,8910300000010016979,1234,5678
0901001698,417010001001698,8910300000010016987,1234,5678
0901001699,417010001001699,8910300000010016995,1234,5678
,,INVALID_ICCID,,
0901001701,417010001001701,8910300000010017019,1234,5678
0901001702,417010001001702,8910300000010017027,1234,5678
0901001703,417010001001703,8910300000010017035,1234,5678
0901001704,417010001001704,8910300000010017043,1234,5678
0901001705,417010001001705,8910300000010017050,1234,5678
0901001706,417010001001706,8910300000010017068,1234,5678
0901001707,417010001001707,8910300000010017076,1234,5678
0901001708,417010001001708,8910300000010017084,1234,5678
0901001709,417010001001709,8910300000010017092,1234,5678
0901001710,417010001001710,8910300000010017100,1234,5678
0901001711,417010001001711,8910300000010017118,1234,5678
0901001712,417010001001712,8910300000010017126,1234,5678
0901001713,417010001001713,8910300000010017134,1234,5678
0901001714,417010001001714,8910300000010017142,1234,5678
0901001715,417010001001715,8910300000010017159,1234,5678
0901001716,417010001001716,8910300000010017167,1234,5678
0901001717,417010001001717,8910300000010017175,1234,5678
0901001718,417010001001718,8910300000010017183,1234,5678
0901001719,417010001001719,8910300000010017191,1234,5678
0901001720,417010001001720,8910300000010017209,1234,5678
0901001721,417010001001721,8910300000010017217,1234,5678
0901001722,417010001001722,8910300000010017225,1234,5678
0901001723,417010001001723,8910300000010017233,1234,5678
0901001724,417010001001724,8910300000010017241,1234,5678
0901001725,417010001001725,8910300000010017258,1234,5678
0901001726,417010001001726,8910300000010017266,1234,5678
0901001727,417010001001727,8910300000010017274,1234,5678
0901001728,417010001001728,8910300000010017282,1234,5678
0901001729,417010001001729,8910300000010017290,1234,5678
0901001730,417010001001730,8910300000010017308,1234,5678
0901001731,417010001001731,8910300000010017316,1234,5678
0901001732,417010001001732,8910300000010017324,1234,5678
0901001733,417010001001733,8910300000010017332,1234,5678
0901001734,417010001001734,8910300000010017340,1234,5678
0901001735,417010001001735,8910300000010017357,1234,5678
0901001736,417010001001736,8910300000010017365,1234,5678
0901001737,417010001001737,8910300000010017373,1234,5678
0901001738,417010001001738,8910300000010017381,1234,5678
0901001739,417010001001739,8910300000010017399,1234,5678
0901001740,417010001001740,8910300000010017407,1234,5678
0901001741,417010001001741,8910300000010017415,1234,5678
0901001742,417010001001742,8910300000010017423,1234,5678
0901001743,417010001001743,8910300000010017431,1234,5678
0901001744,417010001001744,8910300000010017449,1234,5678
0901001745,417010001001745,8910300000010017456,1234,5678
0901001746,417010001001746,8910300000010017464,1234,5678
0901001747,417010001001747,8910300000010017472,1234,5678
0901001748,417010001001748,8910300000010017480,1234,5678
0901001749,417010001001749,8910300000010017498,1234,5678
0901001750,417010001001750,8910300000010017506,1234,5678
0901001751,417010001001751,8910300000010017514,1234,5678
0901001752,417010001001752,8910300000010017522,1234,5678
0901001753,417010001001753,8910300000010017530,1234,5678
0901001754,417010001001754,8910300000010017548,1234,5678
0901001755,417010001001755,8910300000010017555,1234,5678
0901001756,417010001001756,8910300000010017563,1234,5678
0901001757,417010001001757,8910300000010017571,1234,5678
0901001758,417010001001758,8910300000010017589,1234,5678
0901001759,417010001001759,8910300000010017597,1234,5678
0901001760,417010001001760,8910300000010017605,1234,5678
0901001761,417010001001761,8910300000010017613,1234,5678
0901001762,417010001001762,8910300000010017621,1234,5678
0901001763,417010001001763,8910300000010017639,1234,5678
0901001764,417010001001764,8910300000010017647,1234,5678
0901001765,417010001001765,8910300000010017654,1234,5678
0901001766,417010001001766,8910300000010017662,1234,5678
0901001767,417010001001767,8910300000010017670,1234,5678
0901001768,417010001001768,8910300000010017688,1234,5678
0901001769,417010001001769,8910300000010017696,1234,5678
0901001770,417010001001770,8910300000010017704,1234,5678
0901001771,417010001001771,8910300000010017712,1234,5678
0901001772,417010001001772,8910300000010017720,1234,5678
0901001773,417010001001773,8910300000010017738,1234,5678
0901001774,417010001001774,8910300000010017746,1234,5678
0901001775,417010001001775,8910300000010017753,1234,5678
0901001776,417010001001776,8910300000010017761,1234,5678
0901001777,417010001001777,8910300000010017779,1234,5678
0901001778,417010001001778,8910300000010017787,1234,5678
0901001779,417010001001779,8910300000010017795,1234,5678
0901001780,417010001001780,8910300000010017803,1234,5678
0901001781,417010001001781,8910300000010017811,1234,5678
0901001782,417010001001782,8910300000010017829,1234,5678
0901001783,417010001001783,8910300000010017837,1234,5678
0901001784,417010001001784,8910300000010017845,1234,5678
0901001785,417010001001785,8910300000010017852,1234,5678
0901001786,417010001001786,8910300000010017860,1234,5678
0901001787,417010001001787,8910300000010017878,1234,5678
0901001788,417010001001788,8910300000010017886,1234,5678
0901001789,417010001001789,8910300000010017894,1234,5678
0901001790,417010001001790,8910300000010017902,1234,5678
0901001791,417010001001791,8910300000010017910,1234,5678
0901001792,417010001001792,8910300000010017928,1234,5678
0901001793,417010001001793,8910300000010017936,1234,5678
0901001794,417010001001794,8910300000010017944,1234,5678
0901001795,417010001001795,8910300000010017951,1234,5678
0901001796,417010001001796,8910300000010017969,1234,5678
0901001797,417010001001797,8910300000010017977,1234,5678
0901001798,417010001001798,8910300000010017985,1234,5678
0901001799,417010001001799,8910300000010017993,1234,5678
,,INVALID_ICCID,,
0901001801,417010001001801,8910300000010018017,1234,5678
0901001802,417010001001802,8910300000010018025,1234,5678
0901001803,417010001001803,8910300000010018033,1234,5678
0901001804,417010001001804,8910300000010018041,1234,5678
0901001805,417010001001805,8910300000010018058,1234,5678
0901001806,417010001001806,8910300000010018066,1234,5678
0901001807,417010001001807,8910300000010018074,1234,5678
0901001808,417010001001808,8910300000010018082,1234,5678
0901001809,417010001001809,8910300000010018090,1234,5678
0901001810,417010001001810,8910300000010018108,1234,5678
0901001811,417010001001811,8910300000010018116,1234,5678
0901001812,417010001001812,8910300000010018124,1234,5678
0901001813,417010001001813,8910300000010018132,1234,5678
0901001814,417010001001814,8910300000010018140,1234,5678
0901001815,417010001001815,8910300000010018157,1234,5678
0901001816,417010001001816,8910300000010018165,1234,5678
0901001817,417010001001817,8910300000010018173,1234,5678
0901001818,417010001001818,8910300000010018181,1234,5678
0901001819,417010001001819,8910300000010018199,1234,5678
0901001820,417010001001820,8910300000010018207,1234,5678
0901001821,417010001001821,8910300000010018215,1234,5678
0901001822,417010001001822,8910300000010018223,1234,5678
0901001823,417010001001823,8910300000010018231,1234,5678
0901001824,417010001001824,8910300000010018249,1234,5678
0901001825,417010001001825,8910300000010018256,1234,5678
0901001826,417010001001826,8910300000010018264,1234,5678
0901001827,417010001001827,8910300000010018272,1234,5678
0901001828,417010001001828,8910300000010018280,1234,5678
0901001829,417010001001829,8910300000010018298,1234,5678
0901001830,417010001001830,8910300000010018306,1234,5678
0901001831,417010001001831,8910300000010018314,1234,5678
0901001832,417010001001832,8910300000010018322,1234,5678
0901001833,417010001001833,8910300000010018330,1234,5678
0901001834,417010001001834,8910300000010018348,1234,5678
0901001835,417010001001835,8910300000010018355,1234,5678
0901001836,417010001001836,8910300000010018363,1234,5678
0901001837,417010001001837,8910300000010018371,1234,5678
0901001838,417010001001838,8910300000010018389,1234,5678
0901001839,417010001001839,8910300000010018397,1234,5678
0901001840,417010001001840,8910300000010018405,1234,5678
0901001841,417010001001841,8910300000010018413,1234,5678
0901001842,417010001001842,8910300000010018421,1234,5678
0901001843,417010001001843,8910300000010018439,1234,5678
0901001844,417010001001844,8910300000010018447,1234,5678
0901001845,417010001001845,8910300000010018454,1234,5678
0901001846,417010001001846,8910300000010018462,1234,5678
0901001847,417010001001847,8910300000010018470,1234,5678
0901001848,417010001001848,8910300000010018488,1234,5678
0901001849,417010001001849,8910300000010018496,1234,5678
0901001850,417010001001850,8910300000010018504,1234,5678
0901001851,417010001001851,8910300000010018512,1234,5678
0901001852,417010001001852,8910300000010018520,1234,5678
0901001853,417010001001853,8910300000010018538,1234,5678
0901001854,417010001001854,8910300000010018546,1234,5678
0901001855,417010001001855,8910300000010018553,1234,5678
0901001856,417010001001856,8910300000010018561,1234,5678
0901001857,417010001001857,8910300000010018579,1234,5678
0901001858,417010001001858,8910300000010018587,1234,5678
0901001859,417010001001859,8910300000010018595,1234,5678
0901001860,417010001001860,8910300000010018603,1234,5678
0901001861,417010001001861,8910300000010018611,1234,5678
0901001862,417010001001862,8910300000010018629,1234,5678
0901001863,417010001001863,8910300000010018637,1234,5678
0901001864,417010001001864,8910300000010018645,1234,5678
0901001865,417010001001865,8910300000010018652,1234,5678
0901001866,417010001001866,8910300000010018660,1234,5678
0901001867,417010001001867,8910300000010018678,1234,5678
0901001868,417010001001868,8910300000010018686,1234,5678
0901001869,417010001001869,8910300000010018694,1234,5678
0901001870,417010001001870,8910300000010018702,1234,5678
0901001871,417010001001871,8910300000010018710,1234,5678
0901001872,417010001001872,8910300000010018728,1234,5678
0901001873,417010001001873,8910300000010018736,1234,5678
0901001874,417010001001874,8910300000010018744,1234,5678
0901001875,417010001001875,8910300000010018751,1234,5678
0901001876,417010001001876,8910300000010018769,1234,5678
0901001877,417010001001877,8910300000010018777,1234,5678
0901001878,417010001001878,8910300000010018785,1234,5678
0901001879,417010001001879,8910300000010018793,1234,5678
0901001880,417010001001880,8910300000010018801,1234,5678
0901001881,417010001001881,8910300000010018819,1234,5678
0901001882,417010001001882,8910300000010018827,1234,5678
0901001883,417010001001883,8910300000010018835,1234,5678
0901001884,417010001001884,8910300000010018843,1234,5678
0901001885,417010001001885,8910300000010018850,1234,5678
0901001886,417010001001886,8910300000010018868,1234,5678
0901001887,417010001001887,8910300000010018876,1234,5678
0901001888,417010001001888,8910300000010018884,1234,5678
0901001889,417010001001889,8910300000010018892,1234,5678
0901001890,417010001001890,8910300000010018900,1234,5678
0901001891,417010001001891,8910300000010018918,1234,5678
0901001892,417010001001892,8910300000010018926,1234,5678
0901001893,417010001001893,8910300000010018934,1234,5678
0901001894,417010001001894,8910300000010018942,1234,5678
0901001895,417010001001895,8910300000010018959,1234,5678
0901001896,417010001001896,8910300000010018967,1234,5678
0901001897,417010001001897,8910300000010018975,1234,5678
0901001898,417010001001898,8910300000010018983,1234,5678
0901001899,417010001001899,8910300000010018991,1234,5678
,,INVALID_ICCID,,
0901001901,417010001001901,8910300000010019015,1234,5678
0901001902,417010001001902,8910300000010019023,1234,5678
0901001903,417010001001903,8910300000010019031,1234,5678
0901001904,417010001001904,8910300000010019049,1234,5678
0901001905,417010001001905,8910300000010019056,1234,5678
0901001906,417010001001906,8910300000010019064,1234,5678
0901001907,417010001001907,8910300000010019072,1234,5678
0901001908,417010001001908,8910300000010019080,1234,5678
0901001909,417010001001909,8910300000010019098,1234,5678
0901001910,417010001001910,8910300000010019106,1234,5678
0901001911,417010001001911,8910300000010019114,1234,5678
0901001912,417010001001912,8910300000010019122,1234,5678
0901001913,417010001001913,8910300000010019130,1234,5678
0901001914,417010001001914,8910300000010019148,1234,5678
0901001915,417010001001915,8910300000010019155,1234,5678
0901001916,417010001001916,8910300000010019163,1234,5678
0901001917,417010001001917,8910300000010019171,1234,5678
0901001918,417010001001918,8910300000010019189,1234,5678
0901001919,417010001001919,8910300000010019197,1234,5678
0901001920,417010001001920,8910300000010019205,1234,5678
0901001921,417010001001921,8910300000010019213,1234,5678
0901001922,417010001001922,8910300000010019221,1234,5678
0901001923,417010001001923,8910300000010019239,1234,5678
0901001924,417010001001924,8910300000010019247,1234,5678
0901001925,417010001001925,8910300000010019254,1234,5678
0901001926,417010001001926,8910300000010019262,1234,5678
0901001927,417010001001927,8910300000010019270,1234,5678
0901001928,417010001001928,8910300000010019288,1234,5678
0901001929,417010001001929,8910300000010019296,1234,5678
0901001930,417010001001930,8910300000010019304,1234,5678
0901001931,417010001001931,8910300000010019312,1234,5678
0901001932,417010001001932,8910300000010019320,1234,5678
0901001933,417010001001933,8910300000010019338,1234,5678
0901001934,417010001001934,8910300000010019346,1234,5678
0901001935,417010001001935,8910300000010019353,1234,5678
0901001936,417010001001936,8910300000010019361,1234,5678
0901001937,417010001001937,8910300000010019379,1234,5678
0901001938,417010001001938,8910300000010019387,1234,5678
0901001939,417010001001939,8910300000010019395,1234,5678
0901001940,417010001001940,8910300000010019403,1234,5678
0901001941,417010001001941,8910300000010019411,1234,5678
0901001942,417010001001942,8910300000010019429,1234,5678
0901001943,417010001001943,8910300000010019437,1234,5678
0901001944,417010001001944,8910300000010019445,1234,5678
0901001945,417010001001945,8910300000010019452,1234,5678
0901001946,417010001001946,8910300000010019460,1234,5678
0901001947,417010001001947,8910300000010019478,1234,5678
0901001948,417010001001948,8910300000010019486,1234,5678
0901001949,417010001001949,8910300000010019494,1234,5678
0901001950,417010001001950,8910300000010019502,1234,5678
0901001951,417010001001951,8910300000010019510,1234,5678
0901001952,417010001001952,8910300000010019528,1234,5678
0901001953,417010001001953,8910300000010019536,1234,5678
0901001954,417010001001954,8910300000010019544,1234,5678
0901001955,417010001001955,8910300000010019551,1234,5678
0901001956,417010001001956,8910300000010019569,1234,5678
0901001957,417010001001957,8910300000010019577,1234,5678
0901001958,417010001001958,8910300000010019585,1234,5678
0901001959,417010001001959,8910300000010019593,1234,5678
0901001960,417010001001960,8910300000010019601,1234,5678
0901001961,417010001001961,8910300000010019619,1234,5678
0901001962,417010001001962,8910300000010019627,1234,5678
0901001963,417010001001963,8910300000010019635,1234,5678
0901001964,417010001001964,8910300000010019643,1234,5678
0901001965,417010001001965,8910300000010019650,1234,5678
0901001966,417010001001966,8910300000010019668,1234,5678
0901001967,417010001001967,8910300000010019676,1234,5678
0901001968,417010001001968,8910300000010019684,1234,5678
0901001969,417010001001969,8910300000010019692,1234,5678
0901001970,417010001001970,8910300000010019700,1234,5678
0901001971,417010001001971,8910300000010019718,1234,5678
0901001972,417010001001972,8910300000010019726,1234,5678
0901001973,417010001001973,8910300000010019734,1234,5678
0901001974,417010001001974,8910300000010019742,1234,5678
0901001975,417010001001975,8910300000010019759,1234,5678
0901001976,417010001001976,8910300000010019767,1234,5678
0901001977,417010001001977,8910300000010019775,1234,5678
0901001978,417010001001978,8910300000010019783,1234,5678
0901001979,417010001001979,8910300000010019791,1234,5678
0901001980,417010001001980,8910300000010019809,1234,5678
0901001981,417010001001981,8910300000010019817,1234,5678
0901001982,417010001001982,8910300000010019825,1234,5678
0901001983,417010001001983,8910300000010019833,1234,5678
0901001984,417010001001984,8910300000010019841,1234,5678
0901001985,417010001001985,8910300000010019858,1234,5678
0901001986,417010001001986,8910300000010019866,1234,5678
0901001987,417010001001987,8910300000010019874,1234,5678
0901001988,417010001001988,8910300000010019882,1234,5678
0901001989,417010001001989,8910300000010019890,1234,5678
0901001990,417010001001990,8910300000010019908,1234,5678
0901001991,417010001001991,8910300000010019916,1234,5678
0901001992,417010001001992,8910300000010019924,1234,5678
0901001993,417010001001993,8910300000010019932,1234,5678
0901001994,417010001001994,8910300000010019940,1234,5678
0901001995,417010001001995,8910300000010019957,1234,5678
0901001996,417010001001996,8910300000010019965,1234,5678
0901001997,417010001001997,8910300000010019973,1234,5678
0901001998,417010001001998,8910300000010019981,1234,5678
0901001999,417010001001999,8910300000010019999,1234,5678
,,INVALID_ICCID,,
0901002001,417010001002001,8910300000010020013,1234,5678
0901002002,417010001002002,8910300000010020021,1234,5678
0901002003,417010001002003,8910300000010020039,1234,5678
0901002004,417010001002004,8910300000010020047,1234,5678
0901002005,417010001002005,8910300000010020054,1234,5678
0901002006,417010001002006,8910300000010020062,1234,5678
0901002007,417010001002007,8910300000010020070,1234,5678
0901002008,417010001002008,8910300000010020088,1234,5678
0901002009,417010001002009,8910300000010020096,1234,5678
0901002010,417010001002010,8910300000010020104,1234,5678
0901002011,417010001002011,8910300000010020112,1234,5678
0901002012,417010001002012,8910300000010020120,1234,5678
0901002013,417010001002013,8910300000010020138,1234,5678
0901002014,417010001002014,8910300000010020146,1234,5678
0901002015,417010001002015,8910300000010020153,1234,5678
0901002016,417010001002016,8910300000010020161,1234,5678
0901002017,417010001002017,8910300000010020179,1234,5678
0901002018,417010001002018,8910300000010020187,1234,5678
0901002019,417010001002019,8910300000010020195,1234,5678
0901002020,417010001002020,8910300000010020203,1234,5678
0901002021,417010001002021,8910300000010020211,1234,5678
0901002022,417010001002022,8910300000010020229,1234,5678
0901002023,417010001002023,8910300000010020237,1234,5678
0901002024,417010001002024,8910300000010020245,1234,5678
0901002025,417010001002025,8910300000010020252,1234,5678
0901002026,417010001002026,8910300000010020260,1234,5678
0901002027,417010001002027,8910300000010020278,1234,5678
0901002028,417010001002028,8910300000010020286,1234,5678
0901002029,417010001002029,8910300000010020294,1234,5678
0901002030,417010001002030,8910300000010020302,1234,5678
0901002031,417010001002031,8910300000010020310,1234,5678
0901002032,417010001002032,8910300000010020328,1234,5678
0901002033,417010001002033,8910300000010020336,1234,5678
0901002034,417010001002034,8910300000010020344,1234,5678
0901002035,417010001002035,8910300000010020351,1234,5678
0901002036,417010001002036,8910300000010020369,1234,5678
0901002037,417010001002037,8910300000010020377,1234,5678
0901002038,417010001002038,8910300000010020385,1234,5678
0901002039,417010001002039,8910300000010020393,1234,5678
0901002040,417010001002040,8910300000010020401,1234,5678
0901002041,417010001002041,8910300000010020419,1234,5678
0901002042,417010001002042,8910300000010020427,1234,5678
0901002043,417010001002043,8910300000010020435,1234,5678
0901002044,417010001002044,8910300000010020443,1234,5678
0901002045,417010001002045,8910300000010020450,1234,5678
0901002046,417010001002046,8910300000010020468,1234,5678
0901002047,417010001002047,8910300000010020476,1234,5678
0901002048,417010001002048,8910300000010020484,1234,5678
0901002049,417010001002049,8910300000010020492,1234,5678
0901002050,417010001002050,8910300000010020500,1234,5678
0901002051,417010001002051,8910300000010020518,1234,5678
0901002052,417010001002052,8910300000010020526,1234,5678
0901002053,417010001002053,8910300000010020534,1234,5678
0901002054,417010001002054,8910300000010020542,1234,5678
0901002055,417010001002055,8910300000010020559,1234,5678
0901002056,417010001002056,8910300000010020567,1234,5678
0901002057,417010001002057,8910300000010020575,1234,5678
0901002058,417010001002058,8910300000010020583,1234,5678
0901002059,417010001002059,8910300000010020591,1234,5678
0901002060,417010001002060,8910300000010020609,1234,5678
0901002061,417010001002061,8910300000010020617,1234,5678
0901002062,417010001002062,8910300000010020625,1234,5678
0901002063,417010001002063,8910300000010020633,1234,5678
0901002064,417010001002064,8910300000010020641,1234,5678
0901002065,417010001002065,8910300000010020658,1234,5678
0901002066,417010001002066,8910300000010020666,1234,5678
0901002067,417010001002067,8910300000010020674,1234,5678
0901002068,417010001002068,8910300000010020682,1234,5678
0901002069,417010001002069,8910300000010020690,1234,5678
0901002070,417010001002070,8910300000010020708,1234,5678
0901002071,417010001002071,8910300000010020716,1234,5678
0901002072,417010001002072,8910300000010020724,1234,5678
0901002073,417010001002073,8910300000010020732,1234,5678
0901002074,417010001002074,8910300000010020740,1234,5678
0901002075,417010001002075,8910300000010020757,1234,5678
0901002076,417010001002076,8910300000010020765,1234,5678
0901002077,417010001002077,8910300000010020773,1234,5678
0901002078,417010001002078,8910300000010020781,1234,5678
0901002079,417010001002079,8910300000010020799,1234,5678
0901002080,417010001002080,8910300000010020807,1234,5678
0901002081,417010001002081,8910300000010020815,1234,5678
0901002082,417010001002082,8910300000010020823,1234,5678
0901002083,417010001002083,8910300000010020831,1234,5678
0901002084,417010001002084,8910300000010020849,1234,5678
0901002085,417010001002085,8910300000010020856,1234,5678
0901002086,417010001002086,8910300000010020864,1234,5678
0901002087,417010001002087,8910300000010020872,1234,5678
0901002088,417010001002088,8910300000010020880,1234,5678
0901002089,417010001002089,8910300000010020898,1234,5678
0901002090,417010001002090,8910300000010020906,1234,5678
0901002091,417010001002091,8910300000010020914,1234,5678
0901002092,417010001002092,8910300000010020922,1234,5678
0901002093,417010001002093,8910300000010020930,1234,5678
0901002094,417010001002094,8910300000010020948,1234,5678
0901002095,417010001002095,8910300000010020955,1234,5678
0901002096,417010001002096,8910300000010020963,1234,5678
0901002097,417010001002097,8910300000010020971,1234,5678
0901002098,417010001002098,8910300000010020989,1234,5678
0901002099,417010001002099,8910300000010020997,1234,5678
,,INVALID_ICCID,,
0901002101,417010001002101,8910300000010021011,1234,5678
0901002102,417010001002102,8910300000010021029,1234,5678
0901002103,417010001002103,8910300000010021037,1234,5678
0901002104,417010001002104,8910300000010021045,1234,5678
0901002105,417010001002105,8910300000010021052,1234,5678
0901002106,417010001002106,8910300000010021060,1234,5678
0901002107,417010001002107,8910300000010021078,1234,5678
0901002108,417010001002108,8910300000010021086,1234,5678
0901002109,417010001002109,8910300000010021094,1234,5678
0901002110,417010001002110,8910300000010021102,1234,5678
0901002111,417010001002111,8910300000010021110,1234,5678
0901002112,417010001002112,8910300000010021128,1234,5678
0901002113,417010001002113,8910300000010021136,1234,5678
0901002114,417010001002114,8910300000010021144,1234,5678
0901002115,417010001002115,8910300000010021151,1234,5678
0901002116,417010001002116,8910300000010021169,1234,5678
0901002117,417010001002117,8910300000010021177,1234,5678
0901002118,417010001002118,8910300000010021185,1234,5678
0901002119,417010001002119,8910300000010021193,1234,5678
0901002120,417010001002120,8910300000010021201,1234,5678
0901002121,417010001002121,8910300000010021219,1234,5678
0901002122,417010001002122,8910300000010021227,1234,5678
0901002123,417010001002123,8910300000010021235,1234,5678
0901002124,417010001002124,8910300000010021243,1234,5678
0901002125,417010001002125,8910300000010021250,1234,5678
0901002126,417010001002126,8910300000010021268,1234,5678
0901002127,417010001002127,8910300000010021276,1234,5678
0901002128,417010001002128,8910300000010021284,1234,5678
0901002129,417010001002129,8910300000010021292,1234,5678
0901002130,417010001002130,8910300000010021300,1234,5678
0901002131,417010001002131,8910300000010021318,1234,5678
0901002132,417010001002132,8910300000010021326,1234,5678
0901002133,417010001002133,8910300000010021334,1234,5678
0901002134,417010001002134,8910300000010021342,1234,5678
0901002135,417010001002135,8910300000010021359,1234,5678
0901002136,417010001002136,8910300000010021367,1234,5678
0901002137,417010001002137,8910300000010021375,1234,5678
0901002138,417010001002138,8910300000010021383,1234,5678
0901002139,417010001002139,8910300000010021391,1234,5678
0901002140,417010001002140,8910300000010021409,1234,5678
0901002141,417010001002141,8910300000010021417,1234,5678
0901002142,417010001002142,8910300000010021425,1234,5678
0901002143,417010001002143,8910300000010021433,1234,5678
0901002144,417010001002144,8910300000010021441,1234,5678
0901002145,417010001002145,8910300000010021458,1234,5678
0901002146,417010001002146,8910300000010021466,1234,5678
0901002147,417010001002147,8910300000010021474,1234,5678
0901002148,417010001002148,8910300000010021482,1234,5678
0901002149,417010001002149,8910300000010021490,1234,5678
0901002150,417010001002150,8910300000010021508,1234,5678
0901002151,417010001002151,8910300000010021516,1234,5678
0901002152,417010001002152,8910300000010021524,1234,5678
0901002153,417010001002153,8910300000010021532,1234,5678
0901002154,417010001002154,8910300000010021540,1234,5678
0901002155,417010001002155,8910300000010021557,1234,5678
0901002156,417010001002156,8910300000010021565,1234,5678
0901002157,417010001002157,8910300000010021573,1234,5678
0901002158,417010001002158,8910300000010021581,1234,5678
0901002159,417010001002159,8910300000010021599,1234,5678
0901002160,417010001002160,8910300000010021607,1234,5678
0901002161,417010001002161,8910300000010021615,1234,5678
0901002162,417010001002162,8910300000010021623,1234,5678
0901002163,417010001002163,8910300000010021631,1234,5678
0901002164,417010001002164,8910300000010021649,1234,5678
0901002165,417010001002165,8910300000010021656,1234,5678
0901002166,417010001002166,8910300000010021664,1234,5678
0901002167,417010001002167,8910300000010021672,1234,5678
0901002168,417010001002168,8910300000010021680,1234,5678
0901002169,417010001002169,8910300000010021698,1234,5678
0901002170,417010001002170,8910300000010021706,1234,5678
0901002171,417010001002171,8910300000010021714,1234,5678
0901002172,417010001002172,8910300000010021722,1234,5678
0901002173,417010001002173,8910300000010021730,1234,5678
0901002174,417010001002174,8910300000010021748,1234,5678
0901002175,417010001002175,8910300000010021755,1234,5678
0901002176,417010001002176,8910300000010021763,1234,5678
0901002177,417010001002177,8910300000010021771,1234,5678
0901002178,417010001002178,8910300000010021789,1234,5678
0901002179,417010001002179,8910300000010021797,1234,5678
0901002180,417010001002180,8910300000010021805,1234,5678
0901002181,417010001002181,8910300000010021813,1234,5678
0901002182,417010001002182,8910300000010021821,1234,5678
0901002183,417010001002183,8910300000010021839,1234,5678
0901002184,417010001002184,8910300000010021847,1234,5678
0901002185,417010001002185,8910300000010021854,1234,5678
0901002186,417010001002186,8910300000010021862,1234,5678
0901002187,417010001002187,8910300000010021870,1234,5678
0901002188,417010001002188,8910300000010021888,1234,5678
0901002189,417010001002189,8910300000010021896,1234,5678
0901002190,417010001002190,8910300000010021904,1234,5678
0901002191,417010001002191,8910300000010021912,1234,5678
0901002192,417010001002192,8910300000010021920,1234,5678
0901002193,417010001002193,8910300000010021938,1234,5678
0901002194,417010001002194,8910300000010021946,1234,5678
0901002195,417010001002195,8910300000010021953,1234,5678
0901002196,417010001002196,8910300000010021961,1234,5678
0901002197,417010001002197,8910300000010021979,1234,5678
0901002198,417010001002198,8910300000010021987,1234,5678
0901002199,417010001002199,8910300000010021995,1234,5678
,,INVALID_ICCID,,
0901002201,417010001002201,8910300000010022019,1234,5678
0901002202,417010001002202,8910300000010022027,1234,5678
0901002203,417010001002203,8910300000010022035,1234,5678
0901002204,417010001002204,8910300000010022043,1234,5678
0901002205,417010001002205,8910300000010022050,1234,5678
0901002206,417010001002206,8910300000010022068,1234,5678
0901002207,417010001002207,8910300000010022076,1234,5678
0901002208,417010001002208,8910300000010022084,1234,5678
0901002209,417010001002209,8910300000010022092,1234,5678
0901002210,417010001002210,8910300000010022100,1234,5678
0901002211,417010001002211,8910300000010022118,1234,5678
0901002212,417010001002212,8910300000010022126,1234,5678
0901002213,417010001002213,8910300000010022134,1234,5678
0901002214,417010001002214,8910300000010022142,1234,5678
0901002215,417010001002215,8910300000010022159,1234,5678
0901002216,417010001002216,8910300000010022167,1234,5678
0901002217,417010001002217,8910300000010022175,1234,5678
0901002218,417010001002218,8910300000010022183,1234,5678
0901002219,417010001002219,8910300000010022191,1234,5678
0901002220,417010001002220,8910300000010022209,1234,5678
0901002221,417010001002221,8910300000010022217,1234,5678
0901002222,417010001002222,8910300000010022225,1234,5678
0901002223,417010001002223,8910300000010022233,1234,5678
0901002224,417010001002224,8910300000010022241,1234,5678
0901002225,417010001002225,8910300000010022258,1234,5678
0901002226,417010001002226,8910300000010022266,1234,5678
0901002227,417010001002227,8910300000010022274,1234,5678
0901002228,417010001002228,8910300000010022282,1234,5678
0901002229,417010001002229,8910300000010022290,1234,5678
0901002230,417010001002230,8910300000010022308,1234,5678
0901002231,417010001002231,8910300000010022316,1234,5678
0901002232,417010001002232,8910300000010022324,1234,5678
0901002233,417010001002233,8910300000010022332,1234,5678
0901002234,417010001002234,8910300000010022340,1234,5678
0901002235,417010001002235,8910300000010022357,1234,5678
0901002236,417010001002236,8910300000010022365,1234,5678
0901002237,417010001002237,8910300000010022373,1234,5678
0901002238,417010001002238,8910300000010022381,1234,5678
0901002239,417010001002239,8910300000010022399,1234,5678
0901002240,417010001002240,8910300000010022407,1234,5678
0901002241,417010001002241,8910300000010022415,1234,5678
0901002242,417010001002242,8910300000010022423,1234,5678
0901002243,417010001002243,8910300000010022431,1234,5678
0901002244,417010001002244,8910300000010022449,1234,5678
0901002245,417010001002245,8910300000010022456,1234,5678
0901002246,417010001002246,8910300000010022464,1234,5678
0901002247,417010001002247,8910300000010022472,1234,5678
0901002248,417010001002248,8910300000010022480,1234,5678
0901002249,417010001002249,8910300000010022498,1234,5678
0901002250,417010001002250,8910300000010022506,1234,5678
0901002251,417010001002251,8910300000010022514,1234,5678
0901002252,417010001002252,8910300000010022522,1234,5678
0901002253,417010001002253,8910300000010022530,1234,5678
0901002254,417010001002254,8910300000010022548,1234,5678
0901002255,417010001002255,8910300000010022555,1234,5678
0901002256,417010001002256,8910300000010022563,1234,5678
0901002257,417010001002257,8910300000010022571,1234,5678
0901002258,417010001002258,8910300000010022589,1234,5678
0901002259,417010001002259,8910300000010022597,1234,5678
0901002260,417010001002260,8910300000010022605,1234,5678
0901002261,417010001002261,8910300000010022613,1234,5678
0901002262,417010001002262,8910300000010022621,1234,5678
0901002263,417010001002263,8910300000010022639,1234,5678
0901002264,417010001002264,8910300000010022647,1234,5678
0901002265,417010001002265,8910300000010022654,1234,5678
0901002266,417010001002266,8910300000010022662,1234,5678
0901002267,417010001002267,8910300000010022670,1234,5678
0901002268,417010001002268,8910300000010022688,1234,5678
0901002269,417010001002269,8910300000010022696,1234,5678
0901002270,417010001002270,8910300000010022704,1234,5678
0901002271,417010001002271,8910300000010022712,1234,5678
0901002272,417010001002272,8910300000010022720,1234,5678
0901002273,417010001002273,8910300000010022738,1234,5678
0901002274,417010001002274,8910300000010022746,1234,5678
0901002275,417010001002275,8910300000010022753,1234,5678
0901002276,417010001002276,8910300000010022761,1234,5678
0901002277,417010001002277,8910300000010022779,1234,5678
0901002278,417010001002278,8910300000010022787,1234,5678
0901002279,417010001002279,8910300000010022795,1234,5678
0901002280,417010001002280,8910300000010022803,1234,5678
0901002281,417010001002281,8910300000010022811,1234,5678
0901002282,417010001002282,8910300000010022829,1234,5678
0901002283,417010001002283,8910300000010022837,1234,5678
0901002284,417010001002284,8910300000010022845,1234,5678
0901002285,417010001002285,8910300000010022852,1234,5678
0901002286,417010001002286,8910300000010022860,1234,5678
0901002287,417010001002287,8910300000010022878,1234,5678
0901002288,417010001002288,8910300000010022886,1234,5678
0901002289,417010001002289,8910300000010022894,1234,5678
0901002290,417010001002290,8910300000010022902,1234,5678
0901002291,417010001002291,8910300000010022910,1234,5678
0901002292,417010001002292,8910300000010022928,1234,5678
0901002293,417010001002293,8910300000010022936,1234,5678
0901002294,417010001002294,8910300000010022944,1234,5678
0901002295,417010001002295,8910300000010022951,1234,5678
0901002296,417010001002296,8910300000010022969,1234,5678
0901002297,417010001002297,8910300000010022977,1234,5678
0901002298,417010001002298,8910300000010022985,1234,5678
0901002299,417010001002299,8910300000010022993,1234,5678
,,INVALID_ICCID,,
0901002301,417010001002301,8910300000010023017,1234,5678
0901002302,417010001002302,8910300000010023025,1234,5678
0901002303,417010001002303,8910300000010023033,1234,5678
0901002304,417010001002304,8910300000010023041,1234,5678
0901002305,417010001002305,8910300000010023058,1234,5678
0901002306,417010001002306,8910300000010023066,1234,5678
0901002307,417010001002307,8910300000010023074,1234,5678
0901002308,417010001002308,8910300000010023082,1234,5678
0901002309,417010001002309,8910300000010023090,1234,5678
0901002310,417010001002310,8910300000010023108,1234,5678
0901002311,417010001002311,8910300000010023116,1234,5678
0901002312,417010001002312,8910300000010023124,1234,5678
0901002313,417010001002313,8910300000010023132,1234,5678
0901002314,417010001002314,8910300000010023140,1234,5678
0901002315,417010001002315,8910300000010023157,1234,5678
0901002316,417010001002316,8910300000010023165,1234,5678
0901002317,417010001002317,8910300000010023173,1234,5678
0901002318,417010001002318,8910300000010023181,1234,5678
0901002319,417010001002319,8910300000010023199,1234,5678
0901002320,417010001002320,8910300000010023207,1234,5678
0901002321,417010001002321,8910300000010023215,1234,5678
0901002322,417010001002322,8910300000010023223,1234,5678
0901002323,417010001002323,8910300000010023231,1234,5678
0901002324,417010001002324,8910300000010023249,1234,5678
0901002325,417010001002325,8910300000010023256,1234,5678
0901002326,417010001002326,8910300000010023264,1234,5678
0901002327,417010001002327,8910300000010023272,1234,5678
0901002328,417010001002328,8910300000010023280,1234,5678
0901002329,417010001002329,8910300000010023298,1234,5678
0901002330,417010001002330,8910300000010023306,1234,5678
0901002331,417010001002331,8910300000010023314,1234,5678
0901002332,417010001002332,8910300000010023322,1234,5678
0901002333,417010001002333,8910300000010023330,1234,5678
0901002334,417010001002334,8910300000010023348,1234,5678
0901002335,417010001002335,8910300000010023355,1234,5678
0901002336,417010001002336,8910300000010023363,1234,5678
0901002337,417010001002337,8910300000010023371,1234,5678
0901002338,417010001002338,8910300000010023389,1234,5678
0901002339,417010001002339,8910300000010023397,1234,5678
0901002340,417010001002340,8910300000010023405,1234,5678
0901002341,417010001002341,8910300000010023413,1234,5678
0901002342,417010001002342,8910300000010023421,1234,5678
0901002343,417010001002343,8910300000010023439,1234,5678
0901002344,417010001002344,8910300000010023447,1234,5678
0901002345,417010001002345,8910300000010023454,1234,5678
0901002346,417010001002346,8910300000010023462,1234,5678
0901002347,417010001002347,8910300000010023470,1234,5678
0901002348,417010001002348,8910300000010023488,1234,5678
0901002349,417010001002349,8910300000010023496,1234,5678
0901002350,417010001002350,8910300000010023504,1234,5678
0901002351,417010001002351,8910300000010023512,1234,5678
0901002352,417010001002352,8910300000010023520,1234,5678
0901002353,417010001002353,8910300000010023538,1234,5678
0901002354,417010001002354,8910300000010023546,1234,5678
0901002355,417010001002355,8910300000010023553,1234,5678
0901002356,417010001002356,8910300000010023561,1234,5678
0901002357,417010001002357,8910300000010023579,1234,5678
0901002358,417010001002358,8910300000010023587,1234,5678
0901002359,417010001002359,8910300000010023595,1234,5678
0901002360,417010001002360,8910300000010023603,1234,5678
0901002361,417010001002361,8910300000010023611,1234,5678
0901002362,417010001002362,8910300000010023629,1234,5678
0901002363,417010001002363,8910300000010023637,1234,5678
0901002364,417010001002364,8910300000010023645,1234,5678
0901002365,417010001002365,8910300000010023652,1234,5678
0901002366,417010001002366,8910300000010023660,1234,5678
0901002367,417010001002367,8910300000010023678,1234,5678
0901002368,417010001002368,8910300000010023686,1234,5678
0901002369,417010001002369,8910300000010023694,1234,5678
0901002370,417010001002370,8910300000010023702,1234,5678
0901002371,417010001002371,8910300000010023710,1234,5678
0901002372,417010001002372,8910300000010023728,1234,5678
0901002373,417010001002373,8910300000010023736,1234,5678
0901002374,417010001002374,8910300000010023744,1234,5678
0901002375,417010001002375,8910300000010023751,1234,5678
0901002376,417010001002376,8910300000010023769,1234,5678
0901002377,417010001002377,8910300000010023777,1234,5678
0901002378,417010001002378,8910300000010023785,1234,5678
0901002379,417010001002379,8910300000010023793,1234,5678
0901002380,417010001002380,8910300000010023801,1234,5678
0901002381,417010001002381,8910300000010023819,1234,5678
0901002382,417010001002382,8910300000010023827,1234,5678
0901002383,417010001002383,8910300000010023835,1234,5678
0901002384,417010001002384,8910300000010023843,1234,5678
0901002385,417010001002385,8910300000010023850,1234,5678
0901002386,417010001002386,8910300000010023868,1234,5678
0901002387,417010001002387,8910300000010023876,1234,5678
0901002388,417010001002388,8910300000010023884,1234,5678
0901002389,417010001002389,8910300000010023892,1234,5678
0901002390,417010001002390,8910300000010023900,1234,5678
0901002391,417010001002391,8910300000010023918,1234,5678
0901002392,417010001002392,8910300000010023926,1234,5678
0901002393,417010001002393,8910300000010023934,1234,5678
0901002394,417010001002394,8910300000010023942,1234,5678
0901002395,417010001002395,8910300000010023959,1234,5678
0901002396,417010001002396,8910300000010023967,1234,5678
0901002397,417010001002397,8910300000010023975,1234,5678
0901002398,417010001002398,8910300000010023983,1234,5678
0901002399,417010001002399,8910300000010023991,1234,5678
,,INVALID_ICCID,,
0901002401,417010001002401,8910300000010024015,1234,5678
0901002402,417010001002402,8910300000010024023,1234,5678
0901002403,417010001002403,8910300000010024031,1234,5678
0901002404,417010001002404,8910300000010024049,1234,5678
0901002405,417010001002405,8910300000010024056,1234,5678
0901002406,417010001002406,8910300000010024064,1234,5678
0901002407,417010001002407,8910300000010024072,1234,5678
0901002408,417010001002408,8910300000010024080,1234,5678
0901002409,417010001002409,8910300000010024098,1234,5678
0901002410,417010001002410,8910300000010024106,1234,5678
0901002411,417010001002411,8910300000010024114,1234,5678
0901002412,417010001002412,8910300000010024122,1234,5678
0901002413,417010001002413,8910300000010024130,1234,5678
0901002414,417010001002414,8910300000010024148,1234,5678
0901002415,417010001002415,8910300000010024155,1234,5678
0901002416,417010001002416,8910300000010024163,1234,5678
0901002417,417010001002417,8910300000010024171,1234,5678
0901002418,417010001002418,8910300000010024189,1234,5678
0901002419,417010001002419,8910300000010024197,1234,5678
0901002420,417010001002420,8910300000010024205,1234,5678
0901002421,417010001002421,8910300000010024213,1234,5678
0901002422,417010001002422,8910300000010024221,1234,5678
0901002423,417010001002423,8910300000010024239,1234,5678
0901002424,417010001002424,8910300000010024247,1234,5678
0901002425,417010001002425,8910300000010024254,1234,5678
0901002426,417010001002426,8910300000010024262,1234,5678
0901002427,417010001002427,8910300000010024270,1234,5678
0901002428,417010001002428,8910300000010024288,1234,5678
0901002429,417010001002429,8910300000010024296,1234,5678
0901002430,417010001002430,8910300000010024304,1234,5678
0901002431,417010001002431,8910300000010024312,1234,5678
0901002432,417010001002432,8910300000010024320,1234,5678
0901002433,417010001002433,8910300000010024338,1234,5678
0901002434,417010001002434,8910300000010024346,1234,5678
0901002435,417010001002435,8910300000010024353,1234,5678
0901002436,417010001002436,8910300000010024361,1234,5678
0901002437,417010001002437,8910300000010024379,1234,5678
0901002438,417010001002438,8910300000010024387,1234,5678
0901002439,417010001002439,8910300000010024395,1234,5678
0901002440,417010001002440,8910300000010024403,1234,5678
0901002441,417010001002441,8910300000010024411,1234,5678
0901002442,417010001002442,8910300000010024429,1234,5678
0901002443,417010001002443,8910300000010024437,1234,5678
0901002444,417010001002444,8910300000010024445,1234,5678
0901002445,417010001002445,8910300000010024452,1234,5678
0901002446,417010001002446,8910300000010024460,1234,5678
0901002447,417010001002447,8910300000010024478,1234,5678
0901002448,417010001002448,8910300000010024486,1234,5678
0901002449,417010001002449,8910300000010024494,1234,5678
0901002450,417010001002450,8910300000010024502,1234,5678
0901002451,417010001002451,8910300000010024510,1234,5678
0901002452,417010001002452,8910300000010024528,1234,5678
0901002453,417010001002453,8910300000010024536,1234,5678
0901002454,417010001002454,8910300000010024544,1234,5678
0901002455,417010001002455,8910300000010024551,1234,5678
0901002456,417010001002456,8910300000010024569,1234,5678
0901002457,417010001002457,8910300000010024577,1234,5678
0901002458,417010001002458,8910300000010024585,1234,5678
0901002459,417010001002459,8910300000010024593,1234,5678
0901002460,417010001002460,8910300000010024601,1234,5678
0901002461,417010001002461,8910300000010024619,1234,5678
0901002462,417010001002462,8910300000010024627,1234,5678
0901002463,417010001002463,8910300000010024635,1234,5678
0901002464,417010001002464,8910300000010024643,1234,5678
0901002465,417010001002465,8910300000010024650,1234,5678
0901002466,417010001002466,8910300000010024668,1234,5678
0901002467,417010001002467,8910300000010024676,1234,5678
0901002468,417010001002468,8910300000010024684,1234,5678
0901002469,417010001002469,8910300000010024692,1234,5678
0901002470,417010001002470,8910300000010024700,1234,5678
0901002471,417010001002471,8910300000010024718,1234,5678
0901002472,417010001002472,8910300000010024726,1234,5678
0901002473,417010001002473,8910300000010024734,1234,5678
0901002474,417010001002474,8910300000010024742,1234,5678
0901002475,417010001002475,8910300000010024759,1234,5678
0901002476,417010001002476,8910300000010024767,1234,5678
0901002477,417010001002477,8910300000010024775,1234,5678
0901002478,417010001002478,8910300000010024783,1234,5678
0901002479,417010001002479,8910300000010024791,1234,5678
0901002480,417010001002480,8910300000010024809,1234,5678
0901002481,417010001002481,8910300000010024817,1234,5678
0901002482,417010001002482,8910300000010024825,1234,5678
0901002483,417010001002483,8910300000010024833,1234,5678
0901002484,417010001002484,8910300000010024841,1234,5678
0901002485,417010001002485,8910300000010024858,1234,5678
0901002486,417010001002486,8910300000010024866,1234,5678
0901002487,417010001002487,8910300000010024874,1234,5678
0901002488,417010001002488,8910300000010024882,1234,5678
0901002489,417010001002489,8910300000010024890,1234,5678
0901002490,417010001002490,8910300000010024908,1234,5678
0901002491,417010001002491,8910300000010024916,1234,5678
0901002492,417010001002492,8910300000010024924,1234,5678
0901002493,417010001002493,8910300000010024932,1234,5678
0901002494,417010001002494,8910300000010024940,1234,5678
0901002495,417010001002495,8910300000010024957,1234,5678
0901002496,417010001002496,8910300000010024965,1234,5678
0901002497,417010001002497,8910300000010024973,1234,5678
0901002498,417010001002498,8910300000010024981,1234,5678
0901002499,417010001002499,8910300000010024999,1234,5678
,,INVALID_ICCID,,
0901002501,417010001002501,8910300000010025012,1234,5678
0901002502,417010001002502,8910300000010025020,1234,5678
0901002503,417010001002503,8910300000010025038,1234,5678
0901002504,417010001002504,8910300000010025046,1234,5678
0901002505,417010001002505,8910300000010025053,1234,5678
0901002506,417010001002506,8910300000010025061,1234,5678
0901002507,417010001002507,8910300000010025079,1234,5678
0901002508,417010001002508,8910300000010025087,1234,5678
0901002509,417010001002509,8910300000010025095,1234,5678
0901002510,417010001002510,8910300000010025103,1234,5678
0901002511,417010001002511,8910300000010025111,1234,5678
0901002512,417010001002512,8910300000010025129,1234,5678
0901002513,417010001002513,8910300000010025137,1234,5678
0901002514,417010001002514,8910300000010025145,1234,5678
0901002515,417010001002515,8910300000010025152,1234,5678
0901002516,417010001002516,8910300000010025160,1234,5678
0901002517,417010001002517,8910300000010025178,1234,5678
0901002518,417010001002518,8910300000010025186,1234,5678
0901002519,417010001002519,8910300000010025194,1234,5678
0901002520,417010001002520,8910300000010025202,1234,5678
0901002521,417010001002521,8910300000010025210,1234,5678
0901002522,417010001002522,8910300000010025228,1234,5678
0901002523,417010001002523,8910300000010025236,1234,5678
0901002524,417010001002524,8910300000010025244,1234,5678
0901002525,417010001002525,8910300000010025251,1234,5678
0901002526,417010001002526,8910300000010025269,1234,5678
0901002527,417010001002527,8910300000010025277,1234,5678
0901002528,417010001002528,8910300000010025285,1234,5678
0901002529,417010001002529,8910300000010025293,1234,5678
0901002530,417010001002530,8910300000010025301,1234,5678
0901002531,417010001002531,8910300000010025319,1234,5678
0901002532,417010001002532,8910300000010025327,1234,5678
0901002533,417010001002533,8910300000010025335,1234,5678
0901002534,417010001002534,8910300000010025343,1234,5678
0901002535,417010001002535,8910300000010025350,1234,5678
0901002536,417010001002536,8910300000010025368,1234,5678
0901002537,417010001002537,8910300000010025376,1234,5678
0901002538,417010001002538,8910300000010025384,1234,5678
0901002539,417010001002539,8910300000010025392,1234,5678
0901002540,417010001002540,8910300000010025400,1234,5678
0901002541,417010001002541,8910300000010025418,1234,5678
0901002542,417010001002542,8910300000010025426,1234,5678
0901002543,417010001002543,8910300000010025434,1234,5678
0901002544,417010001002544,8910300000010025442,1234,5678
0901002545,417010001002545,8910300000010025459,1234,5678
0901002546,417010001002546,8910300000010025467,1234,5678
0901002547,417010001002547,8910300000010025475,1234,5678
0901002548,417010001002548,8910300000010025483,1234,5678
0901002549,417010001002549,8910300000010025491,1234,5678
0901002550,417010001002550,8910300000010025509,1234,5678
0901002551,417010001002551,8910300000010025517,1234,5678
0901002552,417010001002552,8910300000010025525,1234,5678
0901002553,417010001002553,8910300000010025533,1234,5678
0901002554,417010001002554,8910300000010025541,1234,5678
0901002555,417010001002555,8910300000010025558,1234,5678
0901002556,417010001002556,8910300000010025566,1234,5678
0901002557,417010001002557,8910300000010025574,1234,5678
0901002558,417010001002558,8910300000010025582,1234,5678
0901002559,417010001002559,8910300000010025590,1234,5678
0901002560,417010001002560,8910300000010025608,1234,5678
0901002561,417010001002561,8910300000010025616,1234,5678
0901002562,417010001002562,8910300000010025624,1234,5678
0901002563,417010001002563,8910300000010025632,1234,5678
0901002564,417010001002564,8910300000010025640,1234,5678
0901002565,417010001002565,8910300000010025657,1234,5678
0901002566,417010001002566,8910300000010025665,1234,5678
0901002567,417010001002567,8910300000010025673,1234,5678
0901002568,417010001002568,8910300000010025681,1234,5678
0901002569,417010001002569,8910300000010025699,1234,5678
0901002570,417010001002570,8910300000010025707,1234,5678
0901002571,417010001002571,8910300000010025715,1234,5678
0901002572,417010001002572,8910300000010025723,1234,5678
0901002573,417010001002573,8910300000010025731,1234,5678
0901002574,417010001002574,8910300000010025749,1234,5678
0901002575,417010001002575,8910300000010025756,1234,5678
0901002576,417010001002576,8910300000010025764,1234,5678
0901002577,417010001002577,8910300000010025772,1234,5678
0901002578,417010001002578,8910300000010025780,1234,5678
0901002579,417010001002579,8910300000010025798,1234,5678
0901002580,417010001002580,8910300000010025806,1234,5678
0901002581,417010001002581,8910300000010025814,1234,5678
0901002582,417010001002582,8910300000010025822,1234,5678
0901002583,417010001002583,8910300000010025830,1234,5678
0901002584,417010001002584,8910300000010025848,1234,5678
0901002585,417010001002585,8910300000010025855,1234,5678
0901002586,417010001002586,8910300000010025863,1234,5678
0901002587,417010001002587,8910300000010025871,1234,5678
0901002588,417010001002588,8910300000010025889,1234,5678
0901002589,417010001002589,8910300000010025897,1234,5678
0901002590,417010001002590,8910300000010025905,1234,5678
0901002591,417010001002591,8910300000010025913,1234,5678
0901002592,417010001002592,8910300000010025921,1234,5678
0901002593,417010001002593,8910300000010025939,1234,5678
0901002594,417010001002594,8910300000010025947,1234,5678
0901002595,417010001002595,8910300000010025954,1234,5678
0901002596,417010001002596,8910300000010025962,1234,5678
0901002597,417010001002597,8910300000010025970,1234,5678
0901002598,417010001002598,8910300000010025988,1234,5678
0901002599,417010001002599,8910300000010025996,1234,5678
,,INVALID_ICCID,,
0901002601,417010001002601,8910300000010026010,1234,5678
0901002602,417010001002602,8910300000010026028,1234,5678
0901002603,417010001002603,8910300000010026036,1234,5678
0901002604,417010001002604,8910300000010026044,1234,5678
0901002605,417010001002605,8910300000010026051,1234,5678
0901002606,417010001002606,8910300000010026069,1234,5678
0901002607,417010001002607,8910300000010026077,1234,5678
0901002608,417010001002608,8910300000010026085,1234,5678
0901002609,417010001002609,8910300000010026093,1234,5678
0901002610,417010001002610,8910300000010026101,1234,5678
0901002611,417010001002611,8910300000010026119,1234,5678
0901002612,417010001002612,8910300000010026127,1234,5678
0901002613,417010001002613,8910300000010026135,1234,5678
0901002614,417010001002614,8910300000010026143,1234,5678
0901002615,417010001002615,8910300000010026150,1234,5678
0901002616,417010001002616,8910300000010026168,1234,5678
0901002617,417010001002617,8910300000010026176,1234,5678
0901002618,417010001002618,8910300000010026184,1234,5678
0901002619,417010001002619,8910300000010026192,1234,5678
0901002620,417010001002620,8910300000010026200,1234,5678
0901002621,417010001002621,8910300000010026218,1234,5678
0901002622,417010001002622,8910300000010026226,1234,5678
0901002623,417010001002623,8910300000010026234,1234,5678
0901002624,417010001002624,8910300000010026242,1234,5678
0901002625,417010001002625,8910300000010026259,1234,5678
0901002626,417010001002626,8910300000010026267,1234,5678
0901002627,417010001002627,8910300000010026275,1234,5678
0901002628,417010001002628,8910300000010026283,1234,5678
0901002629,417010001002629,8910300000010026291,1234,5678
0901002630,417010001002630,8910300000010026309,1234,5678
0901002631,417010001002631,8910300000010026317,1234,5678
0901002632,417010001002632,8910300000010026325,1234,5678
0901002633,417010001002633,8910300000010026333,1234,5678
0901002634,417010001002634,8910300000010026341,1234,5678
0901002635,417010001002635,8910300000010026358,1234,5678
0901002636,417010001002636,8910300000010026366,1234,5678
0901002637,417010001002637,8910300000010026374,1234,5678
0901002638,417010001002638,8910300000010026382,1234,5678
0901002639,417010001002639,8910300000010026390,1234,5678
0901002640,417010001002640,8910300000010026408,1234,5678
0901002641,417010001002641,8910300000010026416,1234,5678
0901002642,417010001002642,8910300000010026424,1234,5678
0901002643,417010001002643,8910300000010026432,1234,5678
0901002644,417010001002644,8910300000010026440,1234,5678
0901002645,417010001002645,8910300000010026457,1234,5678
0901002646,417010001002646,8910300000010026465,1234,5678
0901002647,417010001002647,8910300000010026473,1234,5678
0901002648,417010001002648,8910300000010026481,1234,5678
0901002649,417010001002649,8910300000010026499,1234,5678
0901002650,417010001002650,8910300000010026507,1234,5678
0901002651,417010001002651,8910300000010026515,1234,5678
0901002652,417010001002652,8910300000010026523,1234,5678
0901002653,417010001002653,8910300000010026531,1234,5678
0901002654,417010001002654,8910300000010026549,1234,5678
0901002655,417010001002655,8910300000010026556,1234,5678
0901002656,417010001002656,8910300000010026564,1234,5678
0901002657,417010001002657,8910300000010026572,1234,5678
0901002658,417010001002658,8910300000010026580,1234,5678
0901002659,417010001002659,8910300000010026598,1234,5678
0901002660,417010001002660,8910300000010026606,1234,5678
0901002661,417010001002661,8910300000010026614,1234,5678
0901002662,417010001002662,8910300000010026622,1234,5678
0901002663,417010001002663,8910300000010026630,1234,5678
0901002664,417010001002664,8910300000010026648,1234,5678
0901002665,417010001002665,8910300000010026655,1234,5678
0901002666,417010001002666,8910300000010026663,1234,5678
0901002667,417010001002667,8910300000010026671,1234,5678
0901002668,417010001002668,8910300000010026689,1234,5678
0901002669,417010001002669,8910300000010026697,1234,5678
0901002670,417010001002670,8910300000010026705,1234,5678
0901002671,417010001002671,8910300000010026713,1234,5678
0901002672,417010001002672,8910300000010026721,1234,5678
0901002673,417010001002673,8910300000010026739,1234,5678
0901002674,417010001002674,8910300000010026747,1234,5678
0901002675,417010001002675,8910300000010026754,1234,5678
0901002676,417010001002676,8910300000010026762,1234,5678
0901002677,417010001002677,8910300000010026770,1234,5678
0901002678,417010001002678,8910300000010026788,1234,5678
0901002679,417010001002679,8910300000010026796,1234,5678
0901002680,417010001002680,8910300000010026804,1234,5678
0901002681,417010001002681,8910300000010026812,1234,5678
0901002682,417010001002682,8910300000010026820,1234,5678
0901002683,417010001002683,8910300000010026838,1234,5678
0901002684,417010001002684,8910300000010026846,1234,5678
0901002685,417010001002685,8910300000010026853,1234,5678
0901002686,417010001002686,8910300000010026861,1234,5678
0901002687,417010001002687,8910300000010026879,1234,5678
0901002688,417010001002688,8910300000010026887,1234,5678
0901002689,417010001002689,8910300000010026895,1234,5678
0901002690,417010001002690,8910300000010026903,1234,5678
0901002691,417010001002691,8910300000010026911,1234,5678
0901002692,417010001002692,8910300000010026929,1234,5678
0901002693,417010001002693,8910300000010026937,1234,5678
0901002694,417010001002694,8910300000010026945,1234,5678
0901002695,417010001002695,8910300000010026952,1234,5678
0901002696,417010001002696,8910300000010026960,1234,5678
0901002697,417010001002697,8910300000010026978,1234,5678
0901002698,417010001002698,8910300000010026986,1234,5678
0901002699,417010001002699,8910300000010026994,1234,5678
,,INVALID_ICCID,,
0901002701,417010001002701,8910300000010027018,1234,5678
0901002702,417010001002702,8910300000010027026,1234,5678
0901002703,417010001002703,8910300000010027034,1234,5678
0901002704,417010001002704,8910300000010027042,1234,5678
0901002705,417010001002705,8910300000010027059,1234,5678
0901002706,417010001002706,8910300000010027067,1234,5678
0901002707,417010001002707,8910300000010027075,1234,5678
0901002708,417010001002708,8910300000010027083,1234,5678
0901002709,417010001002709,8910300000010027091,1234,5678
0901002710,417010001002710,8910300000010027109,1234,5678
0901002711,417010001002711,8910300000010027117,1234,5678
0901002712,417010001002712,8910300000010027125,1234,5678
0901002713,417010001002713,8910300000010027133,1234,5678
0901002714,417010001002714,8910300000010027141,1234,5678
0901002715,417010001002715,8910300000010027158,1234,5678
0901002716,417010001002716,8910300000010027166,1234,5678
0901002717,417010001002717,8910300000010027174,1234,5678
0901002718,417010001002718,8910300000010027182,1234,5678
0901002719,417010001002719,8910300000010027190,1234,5678
0901002720,417010001002720,8910300000010027208,1234,5678
0901002721,417010001002721,8910300000010027216,1234,5678
0901002722,417010001002722,8910300000010027224,1234,5678
0901002723,417010001002723,8910300000010027232,1234,5678
0901002724,417010001002724,8910300000010027240,1234,5678
0901002725,417010001002725,8910300000010027257,1234,5678
0901002726,417010001002726,8910300000010027265,1234,5678
0901002727,417010001002727,8910300000010027273,1234,5678
0901002728,417010001002728,8910300000010027281,1234,5678
0901002729,417010001002729,8910300000010027299,1234,5678
0901002730,417010001002730,8910300000010027307,1234,5678
0901002731,417010001002731,8910300000010027315,1234,5678
0901002732,417010001002732,8910300000010027323,1234,5678
0901002733,417010001002733,8910300000010027331,1234,5678
0901002734,417010001002734,8910300000010027349,1234,5678
0901002735,417010001002735,8910300000010027356,1234,5678
0901002736,417010001002736,8910300000010027364,1234,5678
0901002737,417010001002737,8910300000010027372,1234,5678
0901002738,417010001002738,8910300000010027380,1234,5678
0901002739,417010001002739,8910300000010027398,1234,5678
0901002740,417010001002740,8910300000010027406,1234,5678
0901002741,417010001002741,8910300000010027414,1234,5678
0901002742,417010001002742,8910300000010027422,1234,5678
0901002743,417010001002743,8910300000010027430,1234,5678
0901002744,417010001002744,8910300000010027448,1234,5678
0901002745,417010001002745,8910300000010027455,1234,5678
0901002746,417010001002746,8910300000010027463,1234,5678
0901002747,417010001002747,8910300000010027471,1234,5678
0901002748,417010001002748,8910300000010027489,1234,5678
0901002749,417010001002749,8910300000010027497,1234,5678
0901002750,417010001002750,8910300000010027505,1234,5678
0901002751,417010001002751,8910300000010027513,1234,5678
0901002752,417010001002752,8910300000010027521,1234,5678
0901002753,417010001002753,8910300000010027539,1234,5678
0901002754,417010001002754,8910300000010027547,1234,5678
0901002755,417010001002755,8910300000010027554,1234,5678
0901002756,417010001002756,8910300000010027562,1234,5678
0901002757,417010001002757,8910300000010027570,1234,5678
0901002758,417010001002758,8910300000010027588,1234,5678
0901002759,417010001002759,8910300000010027596,1234,5678
0901002760,417010001002760,8910300000010027604,1234,5678
0901002761,417010001002761,8910300000010027612,1234,5678
0901002762,417010001002762,8910300000010027620,1234,5678
0901002763,417010001002763,8910300000010027638,1234,5678
0901002764,417010001002764,8910300000010027646,1234,5678
0901002765,417010001002765,8910300000010027653,1234,5678
0901002766,417010001002766,8910300000010027661,1234,5678
0901002767,417010001002767,8910300000010027679,1234,5678
0901002768,417010001002768,8910300000010027687,1234,5678
0901002769,417010001002769,8910300000010027695,1234,5678
0901002770,417010001002770,8910300000010027703,1234,5678
0901002771,417010001002771,8910300000010027711,1234,5678
0901002772,417010001002772,8910300000010027729,1234,5678
0901002773,417010001002773,8910300000010027737,1234,5678
0901002774,417010001002774,8910300000010027745,1234,5678
0901002775,417010001002775,8910300000010027752,1234,5678
0901002776,417010001002776,8910300000010027760,1234,5678
0901002777,417010001002777,8910300000010027778,1234,5678
0901002778,417010001002778,8910300000010027786,1234,5678
0901002779,417010001002779,8910300000010027794,1234,5678
0901002780,417010001002780,8910300000010027802,1234,5678
0901002781,417010001002781,8910300000010027810,1234,5678
0901002782,417010001002782,8910300000010027828,1234,5678
0901002783,417010001002783,8910300000010027836,1234,5678
0901002784,417010001002784,8910300000010027844,1234,5678
0901002785,417010001002785,8910300000010027851,1234,5678
0901002786,417010001002786,8910300000010027869,1234,5678
0901002787,417010001002787,8910300000010027877,1234,5678
0901002788,417010001002788,8910300000010027885,1234,5678
0901002789,417010001002789,8910300000010027893,1234,5678
0901002790,417010001002790,8910300000010027901,1234,5678
0901002791,417010001002791,8910300000010027919,1234,5678
0901002792,417010001002792,8910300000010027927,1234,5678
0901002793,417010001002793,8910300000010027935,1234,5678
0901002794,417010001002794,8910300000010027943,1234,5678
0901002795,417010001002795,8910300000010027950,1234,5678
0901002796,417010001002796,8910300000010027968,1234,5678
0901002797,417010001002797,8910300000010027976,1234,5678
0901002798,417010001002798,8910300000010027984,1234,5678
0901002799,417010001002799,8910300000010027992,1234,5678
,,INVALID_ICCID,,
0901002801,417010001002801,8910300000010028016,1234,5678
0901002802,417010001002802,8910300000010028024,1234,5678
0901002803,417010001002803,8910300000010028032,1234,5678
0901002804,417010001002804,8910300000010028040,1234,5678
0901002805,417010001002805,8910300000010028057,1234,5678
0901002806,417010001002806,8910300000010028065,1234,5678
0901002807,417010001002807,8910300000010028073,1234,5678
0901002808,417010001002808,8910300000010028081,1234,5678
0901002809,417010001002809,8910300000010028099,1234,5678
0901002810,417010001002810,8910300000010028107,1234,5678
0901002811,417010001002811,8910300000010028115,1234,5678
0901002812,417010001002812,8910300000010028123,1234,5678
0901002813,417010001002813,8910300000010028131,1234,5678
0901002814,417010001002814,8910300000010028149,1234,5678
0901002815,417010001002815,8910300000010028156,1234,5678
0901002816,417010001002816,8910300000010028164,1234,5678
0901002817,417010001002817,8910300000010028172,1234,5678
0901002818,417010001002818,8910300000010028180,1234,5678
0901002819,417010001002819,8910300000010028198,1234,5678
0901002820,417010001002820,8910300000010028206,1234,5678
0901002821,417010001002821,8910300000010028214,1234,5678
0901002822,417010001002822,8910300000010028222,1234,5678
0901002823,417010001002823,8910300000010028230,1234,5678
0901002824,417010001002824,8910300000010028248,1234,5678
0901002825,417010001002825,8910300000010028255,1234,5678
0901002826,417010001002826,8910300000010028263,1234,5678
0901002827,417010001002827,8910300000010028271,1234,5678
0901002828,417010001002828,8910300000010028289,1234,5678
0901002829,417010001002829,8910300000010028297,1234,5678
0901002830,417010001002830,8910300000010028305,1234,5678
0901002831,417010001002831,8910300000010028313,1234,5678
0901002832,417010001002832,8910300000010028321,1234,5678
0901002833,417010001002833,8910300000010028339,1234,5678
0901002834,417010001002834,8910300000010028347,1234,5678
0901002835,417010001002835,8910300000010028354,1234,5678
0901002836,417010001002836,8910300000010028362,1234,5678
0901002837,417010001002837,8910300000010028370,1234,5678
0901002838,417010001002838,8910300000010028388,1234,5678
0901002839,417010001002839,8910300000010028396,1234,5678
0901002840,417010001002840,8910300000010028404,1234,5678
0901002841,417010001002841,8910300000010028412,1234,5678
0901002842,417010001002842,8910300000010028420,1234,5678
0901002843,417010001002843,8910300000010028438,1234,5678
0901002844,417010001002844,8910300000010028446,1234,5678
0901002845,417010001002845,8910300000010028453,1234,5678
0901002846,417010001002846,8910300000010028461,1234,5678
0901002847,417010001002847,8910300000010028479,1234,5678
0901002848,417010001002848,8910300000010028487,1234,5678
0901002849,417010001002849,8910300000010028495,1234,5678
0901002850,417010001002850,8910300000010028503,1234,5678
0901002851,417010001002851,8910300000010028511,1234,5678
0901002852,417010001002852,8910300000010028529,1234,5678
0901002853,417010001002853,8910300000010028537,1234,5678
0901002854,417010001002854,8910300000010028545,1234,5678
0901002855,417010001002855,8910300000010028552,1234,5678
0901002856,417010001002856,8910300000010028560,1234,5678
0901002857,417010001002857,8910300000010028578,1234,5678
0901002858,417010001002858,8910300000010028586,1234,5678
0901002859,417010001002859,8910300000010028594,1234,5678
0901002860,417010001002860,8910300000010028602,1234,5678
0901002861,417010001002861,8910300000010028610,1234,5678
0901002862,417010001002862,8910300000010028628,1234,5678
0901002863,417010001002863,8910300000010028636,1234,5678
0901002864,417010001002864,8910300000010028644,1234,5678
0901002865,417010001002865,8910300000010028651,1234,5678
0901002866,417010001002866,8910300000010028669,1234,5678
0901002867,417010001002867,8910300000010028677,1234,5678
0901002868,417010001002868,8910300000010028685,1234,5678
0901002869,417010001002869,8910300000010028693,1234,5678
0901002870,417010001002870,8910300000010028701,1234,5678
0901002871,417010001002871,8910300000010028719,1234,5678
0901002872,417010001002872,8910300000010028727,1234,5678
0901002873,417010001002873,8910300000010028735,1234,5678
0901002874,417010001002874,8910300000010028743,1234,5678
0901002875,417010001002875,8910300000010028750,1234,5678
0901002876,417010001002876,8910300000010028768,1234,5678
0901002877,417010001002877,8910300000010028776,1234,5678
0901002878,417010001002878,8910300000010028784,1234,5678
0901002879,417010001002879,8910300000010028792,1234,5678
0901002880,417010001002880,8910300000010028800,1234,5678
0901002881,417010001002881,8910300000010028818,1234,5678
0901002882,417010001002882,8910300000010028826,1234,5678
0901002883,417010001002883,8910300000010028834,1234,5678
0901002884,417010001002884,8910300000010028842,1234,5678
0901002885,417010001002885,8910300000010028859,1234,5678
0901002886,417010001002886,8910300000010028867,1234,5678
0901002887,417010001002887,8910300000010028875,1234,5678
0901002888,417010001002888,8910300000010028883,1234,5678
0901002889,417010001002889,8910300000010028891,1234,5678
0901002890,417010001002890,8910300000010028909,1234,5678
0901002891,417010001002891,8910300000010028917,1234,5678
0901002892,417010001002892,8910300000010028925,1234,5678
0901002893,417010001002893,8910300000010028933,1234,5678
0901002894,417010001002894,8910300000010028941,1234,5678
0901002895,417010001002895,8910300000010028958,1234,5678
0901002896,417010001002896,8910300000010028966,1234,5678
0901002897,417010001002897,8910300000010028974,1234,5678
0901002898,417010001002898,8910300000010028982,1234,5678
0901002899,417010001002899,8910300000010028990,1234,5678
,,INVALID_ICCID,,
0901002901,417010001002901,8910300000010029014,1234,5678
0901002902,417010001002902,8910300000010029022,1234,5678
0901002903,417010001002903,8910300000010029030,1234,5678
0901002904,417010001002904,8910300000010029048,1234,5678
0901002905,417010001002905,8910300000010029055,1234,5678
0901002906,417010001002906,8910300000010029063,1234,5678
0901002907,417010001002907,8910300000010029071,1234,5678
0901002908,417010001002908,8910300000010029089,1234,5678
0901002909,417010001002909,8910300000010029097,1234,5678
0901002910,417010001002910,8910300000010029105,1234,5678
0901002911,417010001002911,8910300000010029113,1234,5678
0901002912,417010001002912,8910300000010029121,1234,5678
0901002913,417010001002913,8910300000010029139,1234,5678
0901002914,417010001002914,8910300000010029147,1234,5678
0901002915,417010001002915,8910300000010029154,1234,5678
0901002916,417010001002916,8910300000010029162,1234,5678
0901002917,417010001002917,8910300000010029170,1234,5678
0901002918,417010001002918,8910300000010029188,1234,5678
0901002919,417010001002919,8910300000010029196,1234,5678
0901002920,417010001002920,8910300000010029204,1234,5678
0901002921,417010001002921,8910300000010029212,1234,5678
0901002922,417010001002922,8910300000010029220,1234,5678
0901002923,417010001002923,8910300000010029238,1234,5678
0901002924,417010001002924,8910300000010029246,1234,5678
0901002925,417010001002925,8910300000010029253,1234,5678
0901002926,417010001002926,8910300000010029261,1234,5678
0901002927,417010001002927,8910300000010029279,1234,5678
0901002928,417010001002928,8910300000010029287,1234,5678
0901002929,417010001002929,8910300000010029295,1234,5678
0901002930,417010001002930,8910300000010029303,1234,5678
0901002931,417010001002931,8910300000010029311,1234,5678
0901002932,417010001002932,8910300000010029329,1234,5678
0901002933,417010001002933,8910300000010029337,1234,5678
0901002934,417010001002934,8910300000010029345,1234,5678
0901002935,417010001002935,8910300000010029352,1234,5678
0901002936,417010001002936,8910300000010029360,1234,5678
0901002937,417010001002937,8910300000010029378,1234,5678
0901002938,417010001002938,8910300000010029386,1234,5678
0901002939,417010001002939,8910300000010029394,1234,5678
0901002940,417010001002940,8910300000010029402,1234,5678
0901002941,417010001002941,8910300000010029410,1234,5678
0901002942,417010001002942,8910300000010029428,1234,5678
0901002943,417010001002943,8910300000010029436,1234,5678
0901002944,417010001002944,8910300000010029444,1234,5678
0901002945,417010001002945,8910300000010029451,1234,5678
0901002946,417010001002946,8910300000010029469,1234,5678
0901002947,417010001002947,8910300000010029477,1234,5678
0901002948,417010001002948,8910300000010029485,1234,5678
0901002949,417010001002949,8910300000010029493,1234,5678
0901002950,417010001002950,8910300000010029501,1234,5678
0901002951,417010001002951,8910300000010029519,1234,5678
0901002952,417010001002952,8910300000010029527,1234,5678
0901002953,417010001002953,8910300000010029535,1234,5678
0901002954,417010001002954,8910300000010029543,1234,5678
0901002955,417010001002955,8910300000010029550,1234,5678
0901002956,417010001002956,8910300000010029568,1234,5678
0901002957,417010001002957,8910300000010029576,1234,5678
0901002958,417010001002958,8910300000010029584,1234,5678
0901002959,417010001002959,8910300000010029592,1234,5678
0901002960,417010001002960,8910300000010029600,1234,5678
0901002961,417010001002961,8910300000010029618,1234,5678
0901002962,417010001002962,8910300000010029626,1234,5678
0901002963,417010001002963,8910300000010029634,1234,5678
0901002964,417010001002964,8910300000010029642,1234,5678
0901002965,417010001002965,8910300000010029659,1234,5678
0901002966,417010001002966,8910300000010029667,1234,5678
0901002967,417010001002967,8910300000010029675,1234,5678
0901002968,417010001002968,8910300000010029683,1234,5678
0901002969,417010001002969,8910300000010029691,1234,5678
0901002970,417010001002970,8910300000010029709,1234,5678
0901002971,417010001002971,8910300000010029717,1234,5678
0901002972,417010001002972,8910300000010029725,1234,5678
0901002973,417010001002973,8910300000010029733,1234,5678
0901002974,417010001002974,8910300000010029741,1234,5678
0901002975,417010001002975,8910300000010029758,1234,5678
0901002976,417010001002976,8910300000010029766,1234,5678
0901002977,417010001002977,8910300000010029774,1234,5678
0901002978,417010001002978,8910300000010029782,1234,5678
0901002979,417010001002979,8910300000010029790,1234,5678
0901002980,417010001002980,8910300000010029808,1234,5678
0901002981,417010001002981,8910300000010029816,1234,5678
0901002982,417010001002982,8910300000010029824,1234,5678
0901002983,417010001002983,8910300000010029832,1234,5678
0901002984,417010001002984,8910300000010029840,1234,5678
0901002985,417010001002985,8910300000010029857,1234,5678
0901002986,417010001002986,8910300000010029865,1234,5678
0901002987,417010001002987,8910300000010029873,1234,5678
0901002988,417010001002988,8910300000010029881,1234,5678
0901002989,417010001002989,8910300000010029899,1234,5678
0901002990,417010001002990,8910300000010029907,1234,5678
0901002991,417010001002991,8910300000010029915,1234,5678
0901002992,417010001002992,8910300000010029923,1234,5678
0901002993,417010001002993,8910300000010029931,1234,5678
0901002994,417010001002994,8910300000010029949,1234,5678
0901002995,417010001002995,8910300000010029956,1234,5678
0901002996,417010001002996,8910300000010029964,1234,5678
0901002997,417010001002997,8910300000010029972,1234,5678
0901002998,417010001002998,8910300000010029980,1234,5678
0901002999,417010001002999,8910300000010029998,1234,5678
